first_name,second_name,goals_scored,assists,total_points,minutes,goals_conceded,creativity,influence,threat,bonus,bps,ict_index,clean_sheets,red_cards,yellow_cards,selected_by_percent,now_cost,element_type,value_per_m,name
David,Raya Martín,0,0,46,810,3,10.1,155.4,0.0,3,192,16.5,6,0,1,30.4,58,GK,7.9,David Raya Martín
Kepa,Arrizabalaga Revuelta,0,0,0,0,0,0.0,0.0,0.0,0,0,0.0,0,0,0,0.5,42,GK,0.0,Kepa Arrizabalaga Revuelta
Karl,Hein,0,0,0,0,0,0.0,0.0,0.0,0,0,0.0,0,0,0,0.3,40,GK,0.0,Karl Hein
Tommy,Setford,0,0,0,0,0,0.0,0.0,0.0,0,0,0.0,0,0,0,0.2,40,GK,0.0,Tommy Setford
Gabriel,dos Santos Magalhães,1,1,68,810,3,35.9,261.2,80.0,11,234,37.7,6,0,0,38.4,65,DEF,10.5,Gabriel dos Santos Magalhães
William,Saliba,0,0,32,544,1,23.5,133.2,10.0,1,145,16.7,4,0,0,11.9,60,DEF,5.3,William Saliba
Riccardo,Calafiori,1,2,54,695,3,78.2,122.6,129.0,3,181,32.9,6,0,3,15.8,58,DEF,9.3,Riccardo Calafiori
Jurriën,Timber,2,2,60,701,3,171.6,219.6,191.0,7,230,58.4,5,0,2,24.5,61,DEF,9.8,Jurriën Timber
Jakub,Kiwior,0,0,0,0,0,0.0,0.0,0.0,0,0,0.0,0,0,0,0.1,54,DEF,0.0,Jakub Kiwior
Myles,Lewis-Skelly,0,0,5,85,0,7.2,7.8,4.0,0,16,1.8,0,0,1,1.7,52,DEF,1.0,Myles Lewis-Skelly
Benjamin,White,0,0,6,70,0,11.3,15.4,1.0,0,23,2.8,1,0,0,0.4,54,DEF,1.1,Benjamin White
Brayden,Clarke,0,0,0,0,0,0.0,0.0,0.0,0,0,0.0,0,0,0,0.5,39,DEF,0.0,Brayden Clarke
Maldini,Kacurri,0,0,0,0,0,0.0,0.0,0.0,0,0,0.0,0,0,0,0.1,39,DEF,0.0,Maldini Kacurri
Josh,Nichols,0,0,0,0,0,0.0,0.0,0.0,0,0,0.0,0,0,0,0.2,39,DEF,0.0,Josh Nichols
Bukayo,Saka,2,0,30,501,1,196.3,132.2,143.0,2,109,47.1,4,0,0,17.2,100,MID,3.0,Bukayo Saka
Martin,Ødegaard,0,1,13,201,1,65.0,43.0,22.0,0,47,13.0,1,0,0,1.4,79,MID,1.6,Martin Ødegaard
Noni,Madueke,0,0,10,304,2,111.7,30.2,105.0,0,39,24.6,2,0,0,0.6,68,MID,1.5,Noni Madueke
Gabriel,Martinelli Silva,1,0,16,214,0,30.6,51.0,93.0,1,56,17.5,1,0,0,1.1,69,MID,2.3,Gabriel Martinelli Silva
Leandro,Trossard,1,1,25,462,2,107.7,81.4,146.0,2,82,33.5,3,0,0,0.5,69,MID,3.6,Leandro Trossard
Declan,Rice,1,4,50,713,3,266.7,193.2,72.0,7,191,53.2,5,0,0,14.2,67,MID,7.5,Declan Rice
Mikel,Merino Zazón,1,0,17,278,1,45.1,73.0,68.0,0,61,18.3,2,0,0,0.6,59,MID,2.9,Mikel Merino Zazón
Fábio,Ferreira Vieira,0,0,0,0,0,0.0,0.0,0.0,0,0,0.0,0,0,0,0.0,54,MID,0.0,Fábio Ferreira Vieira
Christian,Nørgaard,0,0,1,1,0,0.0,1.0,0.0,0,3,0.1,0,0,0,0.1,52,MID,0.2,Christian Nørgaard
Ethan,Nwaneri,0,0,6,145,0,22.0,8.2,21.0,0,15,5.0,1,0,0,0.1,52,MID,1.2,Ethan Nwaneri
Martín,Zubimendi Ibáñez,2,0,40,771,3,126.3,170.8,47.0,3,167,34.5,6,0,1,3.8,55,MID,7.3,Martín Zubimendi Ibáñez
Ismeal,Kabia,0,0,0,0,0,0.0,0.0,0.0,0,0,0.0,0,0,0,0.1,45,MID,0.0,Ismeal Kabia
Albert,Sambi Lokonga,0,0,0,0,0,0.0,0.0,0.0,0,0,0.0,0,0,0,0.1,45,MID,0.0,Albert Sambi Lokonga
Kai,Havertz,0,0,1,30,0,0.8,2.8,2.0,0,4,0.6,0,0,0,0.3,73,FWD,0.1,Kai Havertz
Gabriel,Fernando de Jesus,0,0,0,0,0,0.0,0.0,0.0,0,0,0.0,0,0,0,0.0,64,FWD,0.0,Gabriel Fernando de Jesus
Eberechi,Eze,1,3,36,542,2,87.8,119.0,165.0,3,123,37.2,5,0,0,14.1,76,MID,4.7,Eberechi Eze
Cristhian,Mosquera,0,0,13,292,2,13.4,67.0,8.0,1,64,8.9,1,0,0,0.2,54,DEF,2.4,Cristhian Mosquera
Viktor,Gyökeres,3,0,30,756,3,73.4,121.6,275.0,2,104,46.9,5,0,1,21.6,90,FWD,3.3,Viktor Gyökeres
Max,Dowman,0,1,5,27,0,0.8,1.0,26.0,0,13,2.8,0,0,0,0.3,44,MID,1.1,Max Dowman
Andre,Harriman-Annous,0,0,0,0,0,0.0,0.0,0.0,0,0,0.0,0,0,0,0.0,45,MID,0.0,Andre Harriman-Annous
Piero,Hincapié,0,0,1,8,0,0.3,0.0,0.0,0,4,0.0,0,0,0,0.0,54,DEF,0.2,Piero Hincapié
Emiliano,Martínez Romero,0,0,25,630,5,3.0,129.8,0.0,1,118,13.2,2,0,1,2.0,50,GK,5.0,Emiliano Martínez Romero
Marco,Bizot,0,0,7,180,3,0.0,25.4,0.0,0,22,2.6,1,0,1,0.5,43,GK,1.6,Marco Bizot
Joe,Gauci,0,0,0,0,0,0.0,0.0,0.0,0,0,0.0,0,0,0,0.1,40,GK,0.0,Joe Gauci
Filip,Marschall,0,0,0,0,0,0.0,0.0,0.0,0,0,0.0,0,0,0,0.0,40,GK,0.0,Filip Marschall
Matty,Cash,2,0,46,786,7,122.3,204.8,40.0,5,158,36.9,3,0,2,5.1,46,DEF,10.0,Matty Cash
Lucas,Digne,0,2,32,653,4,149.8,120.6,58.0,0,138,32.7,3,0,2,1.6,45,DEF,7.1,Lucas Digne
Ezri,Konsa Ngoyo,0,0,26,695,7,25.8,148.6,27.0,0,132,20.1,3,1,0,8.7,44,DEF,5.9,Ezri Konsa Ngoyo
Ian,Maatsen,0,0,5,154,4,67.2,44.0,14.0,0,31,12.6,0,0,1,0.5,43,DEF,1.2,Ian Maatsen
Tyrone,Mings,0,0,23,481,6,44.2,118.2,25.0,1,83,18.8,2,0,0,0.9,44,DEF,5.2,Tyrone Mings
Pau,Torres,0,0,18,434,4,10.8,95.2,13.0,2,85,12.0,1,0,0,0.3,43,DEF,4.2,Pau Torres
Andrés,García,0,0,0,0,0,0.0,0.0,0.0,0,0,0.0,0,0,0,0.3,39,DEF,0.0,Andrés García
Álex,Moreno Lopera,0,0,0,0,0,0.0,0.0,0.0,0,0,0.0,0,0,0,2.5,40,DEF,0.0,Álex Moreno Lopera
Lamare,Bogarde,0,0,15,282,2,32.1,20.2,6.0,3,47,5.7,1,0,1,0.7,40,DEF,3.8,Lamare Bogarde
Lino,da Cruz Sousa,0,0,0,0,0,0.0,0.0,0.0,0,0,0.0,0,0,0,0.3,40,DEF,0.0,Lino da Cruz Sousa
Yasin,Özcan,0,0,0,0,0,0.0,0.0,0.0,0,0,0.0,0,0,0,0.1,40,DEF,0.0,Yasin Özcan
Morgan,Rogers,1,2,32,801,8,134.6,136.8,113.0,0,108,38.5,3,0,0,4.8,68,MID,4.7,Morgan Rogers
Youri,Tielemans,0,0,8,315,4,74.2,34.2,29.0,0,46,13.8,1,0,0,0.6,59,MID,1.4,Youri Tielemans
Leon,Bailey,0,0,0,0,0,0.0,0.0,0.0,0,0,0.0,0,0,0,0.1,55,MID,0.0,Leon Bailey
Emiliano,Buendía Stati,2,2,28,365,3,90.5,130.4,93.0,4,88,31.5,1,0,2,0.2,53,MID,5.3,Emiliano Buendía Stati
Samuel,Iling-Junior,0,0,0,0,0,0.0,0.0,0.0,0,0,0.0,0,0,0,0.0,55,MID,0.0,Samuel Iling-Junior
Donyell,Malen,2,0,25,292,6,44.6,82.4,89.0,3,69,20.9,0,0,0,0.7,51,MID,4.9,Donyell Malen
John,McGinn,1,0,26,709,6,157.8,104.0,49.0,0,120,31.2,4,0,1,0.6,54,MID,4.8,John McGinn
Ross,Barkley,0,0,3,30,0,4.7,8.4,7.0,0,8,2.0,0,0,0,0.0,48,MID,0.6,Ross Barkley
Enzo,Barrenechea,0,0,0,0,0,0.0,0.0,0.0,0,0,0.0,0,0,0,0.0,50,MID,0.0,Enzo Barrenechea
Lewis,Dobbin,0,0,0,0,0,0.0,0.0,0.0,0,0,0.0,0,0,0,0.0,50,MID,0.0,Lewis Dobbin
Boubacar,Kamara,0,2,19,474,4,82.3,122.4,24.0,1,104,22.8,2,0,2,0.2,49,MID,3.9,Boubacar Kamara
Amadou,Onana,0,0,14,325,2,16.4,86.4,16.0,0,65,11.8,2,0,1,0.6,48,MID,2.9,Amadou Onana
Ben,Broggio,0,0,0,0,0,0.0,0.0,0.0,0,0,0.0,0,0,0,0.3,45,MID,0.0,Ben Broggio
Leander,Dendoncker,0,0,0,0,0,0.0,0.0,0.0,0,0,0.0,0,0,0,0.1,45,MID,0.0,Leander Dendoncker
Jamaldeen,Jimoh-Aloba,0,0,0,0,0,0.0,0.0,0.0,0,0,0.0,0,0,0,0.1,45,MID,0.0,Jamaldeen Jimoh-Aloba
Kadan,Young,0,0,0,0,0,0.0,0.0,0.0,0,0,0.0,0,0,0,0.6,44,MID,0.0,Kadan Young
Ollie,Watkins,1,0,23,712,6,78.6,63.6,173.0,2,69,31.4,4,0,0,6.7,85,FWD,2.7,Ollie Watkins
Zépiqueno,Redmond,0,0,0,0,0,0.0,0.0,0.0,0,0,0.0,0,0,0,0.4,45,FWD,0.0,Zépiqueno Redmond
Harvey,Elliott,0,0,4,97,2,17.8,8.6,18.0,0,13,4.4,0,0,0,0.3,54,MID,0.7,Harvey Elliott
Jadon,Sancho,0,0,2,52,0,5.1,8.8,63.0,0,4,7.7,0,0,0,0.2,58,MID,0.3,Jadon Sancho
Evann,Guessand,0,0,12,358,4,21.7,50.2,52.0,0,41,12.4,1,0,0,0.0,63,MID,1.9,Evann Guessand
James,Wright,0,0,0,0,0,0.0,0.0,0.0,0,0,0.0,0,0,0,0.5,40,GK,0.0,James Wright
Triston,Rowe,0,0,0,0,0,0.0,0.0,0.0,0,0,0.0,0,0,0,0.1,40,DEF,0.0,Triston Rowe
Bradley,Burrowes,0,0,1,16,1,0.3,0.0,0.0,0,3,0.0,0,0,0,0.1,45,MID,0.2,Bradley Burrowes
Sam,Proctor,0,0,0,0,0,0.0,0.0,0.0,0,0,0.0,0,0,0,0.2,40,GK,0.0,Sam Proctor
Travis,Patterson,0,0,0,0,0,0.0,0.0,0.0,0,0,0.0,0,0,0,0.3,39,DEF,0.0,Travis Patterson
Victor,Lindelöf,0,0,3,21,0,0.4,3.0,0.0,0,9,0.4,0,0,0,0.0,45,DEF,0.7,Victor Lindelöf
Max,Weiß,0,0,0,0,0,0.0,0.0,0.0,0,0,0.0,0,0,0,0.1,44,GK,0.0,Max Weiß
Etienne,Green,0,0,0,0,0,0.0,0.0,0.0,0,0,0.0,0,0,0,0.2,40,GK,0.0,Etienne Green
Václav,Hladký,0,0,0,0,0,0.0,0.0,0.0,0,0,0.0,0,0,0,0.2,40,GK,0.0,Václav Hladký
Connor,Roberts,0,0,0,0,0,0.0,0.0,0.0,0,0,0.0,0,0,0,0.0,44,DEF,0.0,Connor Roberts
Kyle,Walker,0,1,28,810,17,33.7,154.0,14.0,3,73,20.2,2,0,2,1.6,44,DEF,6.4,Kyle Walker
Hannes,Delcroix,0,0,0,0,0,0.0,0.0,0.0,0,0,0.0,0,0,0,0.2,39,DEF,0.0,Hannes Delcroix
Owen,Dodgson,0,0,0,0,0,0.0,0.0,0.0,0,0,0.0,0,0,0,0.0,40,DEF,0.0,Owen Dodgson
Hjalmar,Ekdal,0,0,20,533,12,26.4,130.2,61.0,1,47,21.7,1,0,0,1.2,40,DEF,5.0,Hjalmar Ekdal
Maxime,Estève,0,0,24,802,17,15.5,178.8,32.0,0,68,22.8,2,0,0,12.5,40,DEF,6.0,Maxime Estève
Quilindschy,Hartman,0,4,34,807,15,146.5,215.2,34.0,0,119,39.5,2,0,1,0.8,40,DEF,8.5,Quilindschy Hartman
Bashir,Humphreys,0,0,0,2,2,0.0,0.2,0.0,0,-5,0.0,0,0,0,0.1,40,DEF,0.0,Bashir Humphreys
Jordan,Beyer,0,0,0,0,0,0.0,0.0,0.0,0,0,0.0,0,0,0,0.1,40,DEF,0.0,Jordan Beyer
Lucas,Pires Silva,0,0,0,0,0,0.0,0.0,0.0,0,0,0.0,0,0,0,0.2,39,DEF,0.0,Lucas Pires Silva
Shurandy,Sambo,0,0,0,0,0,0.0,0.0,0.0,0,0,0.0,0,0,0,0.0,40,DEF,0.0,Shurandy Sambo
Oliver,Sonne,0,0,3,102,4,16.4,7.6,6.0,0,-2,3.0,0,0,0,0.1,39,DEF,0.8,Oliver Sonne
Axel,Tuanzebe,0,0,10,270,4,1.8,52.0,0.0,0,33,5.5,1,0,0,1.8,39,DEF,2.6,Axel Tuanzebe
Joe,Worrall,0,0,4,19,2,0.3,11.2,0.0,0,9,1.2,0,0,0,0.2,39,DEF,1.0,Joe Worrall
Jaidon,Anthony,4,1,45,745,13,115.5,227.8,193.0,5,154,53.6,3,0,3,6.5,57,MID,7.9,Jaidon Anthony
Manuel,Benson Hedilazio,0,0,0,0,0,0.0,0.0,0.0,0,0,0.0,0,0,0,0.0,54,MID,0.0,Manuel Benson Hedilazio
Jacob,Bruun Larsen,0,1,14,360,9,44.9,41.6,44.0,0,40,13.0,1,0,0,0.0,53,MID,2.6,Jacob Bruun Larsen
Enock,Agyei,0,0,0,0,0,0.0,0.0,0.0,0,0,0.0,0,0,0,0.0,48,MID,0.0,Enock Agyei
Darko,Churlinov,0,0,0,0,0,0.0,0.0,0.0,0,0,0.0,0,0,0,0.0,49,MID,0.0,Darko Churlinov
Josh,Cullen,1,1,42,770,14,128.1,220.6,42.0,5,177,39.2,3,0,0,2.4,50,MID,8.4,Josh Cullen
Marcus,Edwards,0,0,1,5,0,0.0,0.0,0.0,0,3,0.0,0,0,0,0.1,47,MID,0.2,Marcus Edwards
Hannibal,Mejbri,0,1,16,254,7,54.0,37.2,13.0,0,53,10.4,1,0,1,0.1,49,MID,3.3,Hannibal Mejbri
Luca,Koleosho,0,0,0,0,0,0.0,0.0,0.0,0,0,0.0,0,0,0,0.0,50,MID,0.0,Luca Koleosho
Josh,Laurent,0,0,13,482,12,21.7,60.2,32.0,0,64,11.6,0,0,1,0.0,49,MID,2.7,Josh Laurent
Loum,Tchaouna,1,1,19,341,5,30.1,54.8,40.0,0,62,12.6,1,0,1,0.0,49,MID,3.9,Loum Tchaouna
Aaron,Ramsey,0,0,0,0,0,0.0,0.0,0.0,0,0,0.0,0,0,0,2.3,44,MID,0.0,Aaron Ramsey
Oluwaseun,Adewumi,0,0,0,0,0,0.0,0.0,0.0,0,0,0.0,0,0,0,0.0,45,MID,0.0,Oluwaseun Adewumi
Jaydon,Banel,0,0,0,0,0,0.0,0.0,0.0,0,0,0.0,0,0,0,0.0,45,MID,0.0,Jaydon Banel
Mike,Trésor Ndayishimiye,0,0,0,0,0,0.0,0.0,0.0,0,0,0.0,0,0,0,0.1,44,MID,0.0,Mike Trésor Ndayishimiye
Zian,Flemming,2,0,19,198,2,22.6,90.4,74.0,3,84,18.6,1,0,0,0.2,53,FWD,3.6,Zian Flemming
Zeki,Amdouni,0,0,0,0,0,0.0,0.0,0.0,0,0,0.0,0,0,0,0.0,49,FWD,0.0,Zeki Amdouni
Lyle,Foster,2,1,28,578,12,76.5,117.2,84.0,4,114,27.4,2,0,2,1.8,50,FWD,5.6,Lyle Foster
Ashley,Barnes,0,0,1,7,0,0.3,0.2,0.0,0,3,0.1,0,0,0,1.3,43,FWD,0.2,Ashley Barnes
Michael,Obafemi,0,0,0,0,0,0.0,0.0,0.0,0,0,0.0,0,0,0,0.1,44,FWD,0.0,Michael Obafemi
Martin,Dúbravka,0,0,31,810,17,0.0,290.6,0.0,2,141,29.2,2,0,0,34.3,40,GK,7.8,Martin Dúbravka
Lesley,Ugochukwu,2,0,25,457,8,24.8,124.0,53.0,3,92,19.9,2,1,0,0.1,50,MID,5.0,Lesley Ugochukwu
Armando,Broja,0,0,3,42,4,0.9,6.2,2.0,0,7,1.0,0,0,0,0.1,53,FWD,0.6,Armando Broja
Florentino Ibrain,Morris Luís,0,1,22,477,11,64.4,118.0,5.0,0,84,18.8,1,0,1,0.1,50,MID,4.4,Florentino Ibrain Morris Luís
Norberto,Murara Neto,0,0,0,0,0,0.0,0.0,0.0,0,0,0.0,0,0,0,0.1,45,GK,0.0,Norberto Murara Neto
Đorđe,Petrović,0,0,37,810,11,0.0,216.8,0.0,1,153,21.7,4,0,1,5.6,45,GK,8.2,Đorđe Petrović
Will,Dennis,0,0,0,0,0,0.0,0.0,0.0,0,0,0.0,0,0,0,1.0,40,GK,0.0,Will Dennis
Callan,McKenna,0,0,0,0,0,0.0,0.0,0.0,0,0,0.0,0,0,0,0.2,40,GK,0.0,Callan McKenna
Alex,Paulsen,0,0,0,0,0,0.0,0.0,0.0,0,0,0.0,0,0,0,0.1,40,GK,0.0,Alex Paulsen
Illia,Zabarnyi,0,0,0,0,0,0.0,0.0,0.0,0,0,0.0,0,0,0,0.0,50,DEF,0.0,Illia Zabarnyi
Marcos,Senesi Barón,0,2,53,797,11,69.1,288.4,29.0,6,172,38.7,4,0,3,26.3,50,DEF,10.6,Marcos Senesi Barón
Adam,Smith,0,0,8,204,3,14.0,17.8,4.0,0,28,3.6,1,0,0,0.2,44,DEF,1.8,Adam Smith
Adrien,Truffert,0,1,43,810,11,131.6,174.8,20.0,6,153,32.6,4,0,0,2.3,45,DEF,9.6,Adrien Truffert
Matai,Akinmboni,0,0,0,0,0,0.0,0.0,0.0,0,0,0.0,0,0,0,0.3,39,DEF,0.0,Matai Akinmboni
Owen,Bevan,0,0,0,0,0,0.0,0.0,0.0,0,0,0.0,0,0,0,0.2,39,DEF,0.0,Owen Bevan
James,Hill,0,0,17,273,3,5.3,44.0,41.0,0,61,9.1,2,0,1,0.9,40,DEF,4.2,James Hill
Julián,Araujo Zúñiga,0,0,0,0,0,0.0,0.0,0.0,0,0,0.0,0,0,0,0.7,39,DEF,0.0,Julián Araujo Zúñiga
Chris,Mepham,0,0,0,0,0,0.0,0.0,0.0,0,0,0.0,0,0,0,0.1,40,DEF,0.0,Chris Mepham
Julio,Soler Barreto,0,0,1,1,0,0.0,0.0,0.0,0,2,0.0,0,0,0,0.2,40,DEF,0.2,Julio Soler Barreto
Justin,Kluivert,1,0,16,302,5,98.5,64.4,46.0,1,54,20.9,1,0,1,1.1,70,MID,2.3,Justin Kluivert
Antoine,Semenyo,6,4,73,810,11,148.5,320.0,256.0,9,211,72.6,4,0,2,64.1,81,MID,9.0,Antoine Semenyo
Marcus,Tavernier,2,1,43,676,7,169.3,160.2,133.0,6,125,46.4,5,0,0,1.4,55,MID,7.8,Marcus Tavernier
Tyler,Adams,0,1,27,784,10,49.3,153.0,55.0,0,143,25.8,4,0,4,0.4,50,MID,5.4,Tyler Adams
David,Brooks,0,1,18,475,4,121.9,66.8,111.0,1,79,29.4,3,0,3,0.2,50,MID,3.6,David Brooks
Ryan,Christie,1,1,14,182,4,28.2,60.6,53.0,0,49,14.2,0,0,1,0.1,50,MID,2.8,Ryan Christie
Lewis,Cook,0,0,3,6,1,0.4,5.2,0.0,0,10,0.6,0,0,0,0.0,49,MID,0.6,Lewis Cook
Philip,Billing,0,0,0,0,0,0.0,0.0,0.0,0,0,0.0,0,0,0,0.0,49,MID,0.0,Philip Billing
Alex,Scott,1,0,29,593,5,96.9,115.2,43.0,2,123,25.5,4,0,1,0.3,50,MID,5.8,Alex Scott
Luis,Sinisterra Lucumí,0,0,0,0,0,0.0,0.0,0.0,0,0,0.0,0,0,0,0.0,50,MID,0.0,Luis Sinisterra Lucumí
Romain,Faivre,0,0,0,0,0,0.0,0.0,0.0,0,0,0.0,0,0,0,0.1,45,MID,0.0,Romain Faivre
Hamed,Traorè,0,1,4,16,2,10.0,21.2,0.0,0,12,3.1,0,0,0,0.4,45,MID,0.9,Hamed Traorè
Dominic,Sadi,0,0,0,0,0,0.0,0.0,0.0,0,0,0.0,0,0,0,0.0,45,MID,0.0,Dominic Sadi
Zain,Silcott-Duberry,0,0,0,0,0,0.0,0.0,0.0,0,0,0.0,0,0,0,0.1,44,MID,0.0,Zain Silcott-Duberry
Ben,Winterburn,0,0,1,6,2,0.0,0.0,0.0,0,3,0.0,0,0,0,0.0,45,MID,0.2,Ben Winterburn
Francisco Evanilson,de Lima Barbosa,1,1,22,617,8,107.2,59.0,173.0,2,89,33.8,3,0,1,1.5,70,FWD,3.1,Francisco Evanilson de Lima Barbosa
Enes,Ünal,0,0,1,1,0,0.0,0.0,0.0,0,3,0.0,0,0,0,0.0,54,FWD,0.2,Enes Ünal
Daniel,Adu-Adjei,0,0,0,0,0,0.0,0.0,0.0,0,0,0.0,0,0,0,0.2,44,FWD,0.0,Daniel Adu-Adjei
Eli Junior,Kroupi,4,0,27,163,3,17.1,138.0,111.0,4,125,26.6,1,0,1,3.7,46,FWD,5.9,Eli Junior Kroupi
Ben,Gannon-Doak,0,1,6,43,1,12.5,20.2,9.0,0,20,4.2,0,0,0,0.0,49,MID,1.2,Ben Gannon-Doak
Bafodé,Diakité,0,0,29,630,10,37.8,142.8,12.0,2,104,19.4,3,0,1,0.5,45,DEF,6.4,Bafodé Diakité
Remy,Rees-Dottin,0,0,0,0,0,0.0,0.0,0.0,0,0,0.0,0,0,0,0.1,44,MID,0.0,Remy Rees-Dottin
Amine,Adli,0,0,7,183,3,50.4,52.8,34.0,0,36,13.7,0,0,0,0.0,55,MID,1.3,Amine Adli
Álex,Jiménez Sánchez,0,0,8,313,5,33.2,40.8,15.0,0,34,8.9,1,0,3,0.0,45,DEF,1.8,Álex Jiménez Sánchez
Veljko,Milosavljevic,0,0,11,185,1,11.8,37.2,6.0,0,42,5.5,1,0,0,0.0,45,DEF,2.4,Veljko Milosavljevic
Reiss,Nelson,0,0,0,0,0,0.0,0.0,0.0,0,0,0.0,0,0,0,0.1,48,MID,0.0,Reiss Nelson
Dango,Ouattara,2,1,33,476,6,52.4,100.0,235.0,4,77,38.3,2,0,1,0.5,60,MID,5.5,Dango Ouattara
Caoimhín,Kelleher,0,0,29,810,14,10.0,192.2,0.0,0,114,20.3,2,0,1,7.9,45,GK,6.4,Caoimhín Kelleher
Ellery,Balcombe,0,0,0,0,0,0.0,0.0,0.0,0,0,0.0,0,0,0,0.3,40,GK,0.0,Ellery Balcombe
Matthew,Cox,0,0,0,0,0,0.0,0.0,0.0,0,0,0.0,0,0,0,0.1,40,GK,0.0,Matthew Cox
Julian,Eyestone,0,0,0,0,0,0.0,0.0,0.0,0,0,0.0,0,0,0,0.1,40,GK,0.0,Julian Eyestone
Hákon Rafn,Valdimarsson,0,0,0,0,0,0.0,0.0,0.0,0,0,0.0,0,0,0,0.7,39,GK,0.0,Hákon Rafn Valdimarsson
Nathan,Collins,0,0,30,810,14,23.9,198.6,102.0,2,95,32.6,2,0,3,1.2,49,DEF,6.1,Nathan Collins
Keane,Lewis-Potter,0,1,20,423,9,64.0,58.6,22.0,0,56,14.5,2,0,1,0.3,49,DEF,4.1,Keane Lewis-Potter
Kristoffer,Ajer,0,2,18,298,4,13.4,63.2,54.0,0,65,13.2,1,0,0,0.2,44,DEF,4.1,Kristoffer Ajer
Rico,Henry,0,0,5,169,6,12.4,16.4,12.0,0,7,3.9,0,0,1,0.1,44,DEF,1.1,Rico Henry
Michael,Kayode,0,0,29,796,13,175.7,165.6,21.0,5,112,36.3,2,0,0,0.4,45,DEF,6.4,Michael Kayode
Ethan,Pinnock,0,0,0,155,4,0.8,31.8,10.0,0,1,4.3,0,0,1,0.1,43,DEF,0.0,Ethan Pinnock
Mads,Roerslev Rasmussen,0,0,0,0,0,0.0,0.0,0.0,0,0,0.0,0,0,0,0.0,45,DEF,0.0,Mads Roerslev Rasmussen
Sepp,van den Berg,0,0,29,810,14,14.8,178.6,100.0,0,99,29.4,2,0,0,0.6,45,DEF,6.4,Sepp van den Berg
Benjamin,Arthur,0,0,0,0,0,0.0,0.0,0.0,0,0,0.0,0,0,0,0.2,39,DEF,0.0,Benjamin Arthur
Benjamin,Fredrick,0,0,0,0,0,0.0,0.0,0.0,0,0,0.0,0,0,0,0.1,40,DEF,0.0,Benjamin Fredrick
Aaron,Hickey,0,0,6,184,3,3.6,12.2,1.0,0,16,1.7,0,0,1,0.3,40,DEF,1.5,Aaron Hickey
Kim,Ji-soo,0,0,0,0,0,0.0,0.0,0.0,0,0,0.0,0,0,0,0.1,39,DEF,0.0,Kim Ji-soo
Jayden,Meghoma,0,0,0,0,0,0.0,0.0,0.0,0,0,0.0,0,0,0,0.1,40,DEF,0.0,Jayden Meghoma
Kevin,Schade,2,2,31,740,9,137.4,152.8,199.0,1,106,49.0,2,0,3,0.7,70,MID,4.4,Kevin Schade
Mikkel,Damsgaard,1,1,29,565,8,195.3,148.0,81.0,3,121,42.5,2,0,0,0.6,58,MID,5.0,Mikkel Damsgaard
Antoni,Milambo,0,0,1,45,3,1.8,4.0,0.0,0,5,0.6,0,0,0,0.0,53,MID,0.2,Antoni Milambo
Fábio,Freitas Gouveia Carvalho,1,0,12,96,4,6.2,38.8,36.0,1,39,8.0,0,0,0,0.2,49,MID,2.4,Fábio Freitas Gouveia Carvalho
Jordan,Henderson,0,2,26,654,9,115.8,101.2,10.0,2,117,22.6,3,0,2,0.4,50,MID,5.2,Jordan Henderson
Vitaly,Janelt,0,0,8,117,2,34.9,18.4,10.0,0,21,6.2,0,0,0,0.0,49,MID,1.6,Vitaly Janelt
Mathias,Jensen,2,0,19,186,5,49.8,96.6,36.0,0,82,18.3,0,0,0,0.1,49,MID,3.9,Mathias Jensen
Gustavo,Nunes Fernandes Gomes,0,0,0,0,0,0.0,0.0,0.0,0,0,0.0,0,0,0,0.0,49,MID,0.0,Gustavo Nunes Fernandes Gomes
Frank,Onyeka,0,2,12,88,2,13.6,28.4,4.0,0,41,4.6,0,0,0,0.1,49,MID,2.4,Frank Onyeka
Yehor,Yarmoliuk,0,1,27,718,12,97.8,126.2,24.0,0,116,24.8,2,0,1,0.1,50,MID,5.4,Yehor Yarmoliuk
Romelle,Donovan,0,0,0,0,0,0.0,0.0,0.0,0,0,0.0,0,0,0,0.1,45,MID,0.0,Romelle Donovan
Yunus Emre,Konak,0,0,0,0,0,0.0,0.0,0.0,0,0,0.0,0,0,0,0.2,44,MID,0.0,Yunus Emre Konak
Paris,Maghoma,0,0,0,0,0,0.0,0.0,0.0,0,0,0.0,0,0,0,0.0,45,MID,0.0,Paris Maghoma
Myles,Peart-Harris,0,0,0,0,0,0.0,0.0,0.0,0,0,0.0,0,0,0,0.0,44,MID,0.0,Myles Peart-Harris
Ryan,Trevitt,0,0,0,0,0,0.0,0.0,0.0,0,0,0.0,0,0,0,0.0,45,MID,0.0,Ryan Trevitt
Igor Thiago,Nascimento Rodrigues,6,0,45,741,13,78.0,261.6,302.0,6,180,64.2,2,0,3,7.6,62,FWD,7.3,Igor Thiago Nascimento Rodrigues
Iwan,Morgan,0,0,0,0,0,0.0,0.0,0.0,0,0,0.0,0,0,0,0.4,44,FWD,0.0,Iwan Morgan
Jason,Steele,0,0,0,0,0,0.0,0.0,0.0,0,0,0.0,0,0,0,0.3,43,GK,0.0,Jason Steele
Bart,Verbruggen,0,0,14,810,15,10.0,179.6,0.0,0,88,18.9,0,0,0,4.1,44,GK,3.2,Bart Verbruggen
Tom,McGill,0,0,0,0,0,0.0,0.0,0.0,0,0,0.0,0,0,0,0.3,40,GK,0.0,Tom McGill
Carl,Rushworth,0,0,0,0,0,0.0,0.0,0.0,0,0,0.0,0,0,0,0.0,40,GK,0.0,Carl Rushworth
Kjell,Scherpen,0,0,0,0,0,0.0,0.0,0.0,0,0,0.0,0,0,0,0.0,40,GK,0.0,Kjell Scherpen
Olivier,Boscagli,0,0,0,0,0,0.0,0.0,0.0,0,0,0.0,0,0,0,0.1,43,DEF,0.0,Olivier Boscagli
Diego,Coppola,0,0,3,17,1,0.1,7.8,0.0,0,6,0.8,0,0,0,0.1,43,DEF,0.7,Diego Coppola
Maxim,De Cuyper,1,0,15,406,8,84.8,84.0,73.0,1,61,24.3,0,0,1,2.1,44,DEF,3.4,Maxim De Cuyper
Lewis,Dunk,0,1,17,810,15,21.2,135.4,45.0,0,87,20.3,0,0,3,1.2,45,DEF,3.8,Lewis Dunk
Pervis,Estupiñán Tenorio,0,0,0,0,0,0.0,0.0,0.0,0,0,0.0,0,0,0,0.0,45,DEF,0.0,Pervis Estupiñán Tenorio
Ferdi,Kadıoğlu,0,0,10,554,11,63.9,93.2,43.0,0,41,20.1,0,0,3,0.2,44,DEF,2.3,Ferdi Kadıoğlu
Tariq,Lamptey,0,0,0,0,0,0.0,0.0,0.0,0,0,0.0,0,0,0,0.1,44,DEF,0.0,Tariq Lamptey
Jan Paul,van Hecke,1,0,28,810,15,30.0,260.6,66.0,3,91,35.8,0,0,2,1.3,44,DEF,6.4,Jan Paul van Hecke
Joël,Veltman,0,0,7,324,6,19.9,68.2,6.0,0,28,9.5,0,0,2,0.1,44,DEF,1.6,Joël Veltman
Adam,Webster,0,0,0,0,0,0.0,0.0,0.0,0,0,0.0,0,0,0,0.0,44,DEF,0.0,Adam Webster
Eiran,Cashin,0,0,0,0,0,0.0,0.0,0.0,0,0,0.0,0,0,0,0.0,40,DEF,0.0,Eiran Cashin
Jacob,Slater,0,0,0,0,0,0.0,0.0,0.0,0,0,0.0,0,0,0,0.1,40,DEF,0.0,Jacob Slater
Charlie,Tasker,0,0,0,0,0,0.0,0.0,0.0,0,0,0.0,0,0,0,0.1,39,DEF,0.0,Charlie Tasker
Mitoma,Kaoru,1,1,20,508,8,95.8,88.4,88.0,0,64,26.9,1,0,1,2.5,62,MID,3.2,Mitoma Kaoru
Georginio,Rutter,0,3,25,514,7,102.4,95.4,92.0,1,85,29.0,2,0,1,0.4,57,MID,4.4,Georginio Rutter
Solly,March,0,0,0,0,0,0.0,0.0,0.0,0,0,0.0,0,0,0,0.0,58,MID,0.0,Solly March
Yankuba,Minteh,1,3,38,772,13,199.2,164.4,213.0,3,162,57.8,1,0,0,4.0,60,MID,6.3,Yankuba Minteh
Julio,Enciso Espínola,0,0,0,0,0,0.0,0.0,0.0,0,0,0.0,0,0,0,0.0,54,MID,0.0,Julio Enciso Espínola
Brajan,Gruda,1,1,19,218,3,56.3,74.0,94.0,2,56,22.4,0,0,0,0.1,54,MID,3.5,Brajan Gruda
Jack,Hinshelwood,0,0,4,107,2,2.0,9.4,0.0,0,22,1.2,0,0,0,0.0,51,MID,0.8,Jack Hinshelwood
Matt,O'Riley,1,0,12,177,2,66.6,60.8,63.0,2,36,19.0,1,0,0,0.4,55,MID,2.2,Matt O'Riley
Abdallah,Sima,0,0,0,0,0,0.0,0.0,0.0,0,0,0.0,0,0,0,0.0,54,MID,0.0,Abdallah Sima
Yasin,Ayari,1,0,23,691,12,128.8,116.0,66.0,2,138,31.1,0,0,0,0.3,49,MID,4.7,Yasin Ayari
Carlos,Baleba,0,0,11,480,7,40.3,22.4,9.0,0,53,7.2,2,0,3,2.1,47,MID,2.3,Carlos Baleba
Diego,Gómez Amarilla,0,0,9,374,7,44.4,52.0,45.0,0,53,14.3,0,0,2,0.1,49,MID,1.8,Diego Gómez Amarilla
James,Milner,1,1,15,187,7,71.2,79.6,17.0,0,66,16.8,0,0,1,0.1,50,MID,3.0,James Milner
Jeremy,Sarmiento Morante,0,0,0,0,0,0.0,0.0,0.0,0,0,0.0,0,0,0,0.0,49,MID,0.0,Jeremy Sarmiento Morante
Tom,Watson,0,0,1,31,2,1.3,5.6,7.0,0,7,1.4,0,0,0,0.0,49,MID,0.2,Tom Watson
Mats,Wieffer,0,2,23,459,8,70.9,122.4,43.0,0,101,23.7,0,0,3,0.1,49,MID,4.7,Mats Wieffer
Malick,Yalcouyé,0,0,0,0,0,0.0,0.0,0.0,0,0,0.0,0,0,0,0.0,50,MID,0.0,Malick Yalcouyé
Joe,Knight,0,0,0,0,0,0.0,0.0,0.0,0,0,0.0,0,0,0,0.1,45,MID,0.0,Joe Knight
Adrian,Mazilu,0,0,0,0,0,0.0,0.0,0.0,0,0,0.0,0,0,0,0.0,45,MID,0.0,Adrian Mazilu
Andrew,Moran,0,0,0,0,0,0.0,0.0,0.0,0,0,0.0,0,0,0,0.0,45,MID,0.0,Andrew Moran
Danny,Welbeck,5,0,37,544,13,98.1,188.2,162.0,6,157,44.5,0,0,2,6.7,64,FWD,5.8,Danny Welbeck
Evan,Ferguson,0,0,0,0,0,0.0,0.0,0.0,0,0,0.0,0,0,0,0.0,55,FWD,0.0,Evan Ferguson
Stefanos,Tzimas,0,1,8,70,2,50.9,27.0,21.0,0,22,9.9,0,0,0,0.1,53,FWD,1.5,Stefanos Tzimas
Charalampos,Kostoulas,1,0,6,12,1,0.6,35.2,40.0,0,32,7.6,0,0,0,0.3,48,FWD,1.2,Charalampos Kostoulas
Nehemiah,Oriola,0,0,0,0,0,0.0,0.0,0.0,0,0,0.0,0,0,0,0.0,45,MID,0.0,Nehemiah Oriola
Facundo,Buonanotte,0,0,1,45,1,25.1,5.6,8.0,0,4,3.9,0,0,0,0.1,48,MID,0.2,Facundo Buonanotte
Robert,Lynch Sánchez,0,0,25,724,11,20.0,140.4,0.0,1,99,15.9,3,1,1,13.6,49,GK,5.1,Robert Lynch Sánchez
Filip,Jörgensen,0,0,1,84,2,0.0,9.4,0.0,0,4,0.9,0,0,0,0.2,44,GK,0.2,Filip Jörgensen
Mike,Penders,0,0,0,0,0,0.0,0.0,0.0,0,0,0.0,0,0,0,0.0,40,GK,0.0,Mike Penders
Gabriel,Słonina,0,0,0,0,0,0.0,0.0,0.0,0,0,0.0,0,0,0,0.1,39,GK,0.0,Gabriel Słonina
Marc,Cucurella Saseta,0,2,36,716,10,191.4,173.8,60.0,4,167,42.5,3,0,2,21.9,61,DEF,5.9,Marc Cucurella Saseta
Reece,James,1,3,38,603,9,199.0,182.2,52.0,3,159,43.4,2,0,2,7.5,55,DEF,6.9,Reece James
Trevoh,Chalobah,2,1,42,660,10,49.3,221.2,83.0,2,156,35.3,3,1,1,7.6,51,DEF,8.2,Trevoh Chalobah
Levi,Samuels Colwill,0,0,0,0,0,0.0,0.0,0.0,0,0,0.0,0,0,0,0.1,48,DEF,0.0,Levi Samuels Colwill
Malo,Gusto,0,1,18,398,5,66.5,52.6,22.0,0,67,14.0,2,1,0,1.0,49,DEF,3.7,Malo Gusto
Benoît,Badiashile Mukinayi,0,0,0,65,2,1.7,16.0,0.0,0,3,1.8,0,0,1,0.0,44,DEF,0.0,Benoît Badiashile Mukinayi
Wesley,Fofana,0,0,3,129,3,4.3,27.2,0.0,0,18,3.2,0,0,0,0.2,44,DEF,0.7,Wesley Fofana
Mamadou,Sarr,0,0,0,0,0,0.0,0.0,0.0,0,0,0.0,0,0,0,0.0,45,DEF,0.0,Mamadou Sarr
Tosin,Adarabioyo,0,0,13,376,6,6.5,104.4,11.0,0,57,12.2,1,0,1,0.4,44,DEF,3.0,Tosin Adarabioyo
Josh,Acheampong,1,0,27,348,5,8.5,88.4,60.0,5,90,15.8,2,0,0,2.2,39,DEF,6.9,Josh Acheampong
Aarón,Anselmino,0,0,0,0,0,0.0,0.0,0.0,0,0,0.0,0,0,0,0.1,40,DEF,0.0,Aarón Anselmino
Cole,Palmer,1,0,11,144,2,19.2,44.4,65.0,1,36,12.9,1,0,0,9.4,103,MID,1.1,Cole Palmer
Pedro,Lomba Neto,2,2,40,669,6,219.7,163.8,109.0,4,165,49.3,3,0,0,5.5,70,MID,5.7,Pedro Lomba Neto
Enzo,Fernández,3,2,43,708,11,182.4,209.6,205.0,3,169,59.8,2,0,1,14.5,67,MID,6.4,Enzo Fernández
Estêvão,Almeida de Oliveira Gonçalves,1,2,24,306,2,86.9,96.8,158.0,2,82,34.2,2,0,2,2.4,65,MID,3.7,Estêvão Almeida de Oliveira Gonçalves
Jamie,Bynoe-Gittens,0,0,7,217,2,63.2,31.6,45.0,0,24,14.0,0,0,0,0.1,61,MID,1.1,Jamie Bynoe-Gittens
Christopher,Nkunku,0,0,0,0,0,0.0,0.0,0.0,0,0,0.0,0,0,0,0.1,59,MID,0.0,Christopher Nkunku
Moisés,Caicedo Corozo,3,0,48,765,11,86.7,269.4,55.0,7,208,41.0,2,0,1,18.2,59,MID,8.1,Moisés Caicedo Corozo
Tyrique,George,0,0,4,142,2,7.0,8.2,56.0,0,2,7.1,1,0,2,0.1,49,MID,0.8,Tyrique George
Roméo,Lavia,0,0,3,91,3,7.1,9.6,0.0,0,20,1.6,0,0,0,0.0,49,MID,0.6,Roméo Lavia
Mykhailo,Mudryk,0,0,0,0,0,0.0,0.0,0.0,0,0,0.0,0,0,0,0.0,50,MID,0.0,Mykhailo Mudryk
Andrey,Nascimento dos Santos,0,0,6,220,2,44.1,25.4,42.0,0,27,11.2,0,0,2,0.3,45,MID,1.3,Andrey Nascimento dos Santos
Dário,Luís Essugo,0,0,0,0,0,0.0,0.0,0.0,0,0,0.0,0,0,0,0.1,43,MID,0.0,Dário Luís Essugo
Kendry,Páez Andrade,0,0,0,0,0,0.0,0.0,0.0,0,0,0.0,0,0,0,0.0,45,MID,0.0,Kendry Páez Andrade
João Pedro,Junqueira de Jesus,2,3,43,757,9,156.4,178.8,144.0,8,165,47.4,3,0,0,47.4,74,FWD,5.8,João Pedro Junqueira de Jesus
Liam,Delap,0,0,4,91,1,3.5,8.0,43.0,0,12,5.0,0,0,0,0.9,62,FWD,0.6,Liam Delap
Nicolas,Jackson,0,0,0,0,0,0.0,0.0,0.0,0,0,0.0,0,0,0,0.1,65,FWD,0.0,Nicolas Jackson
Marc,Guiu Paz,0,0,6,149,2,4.0,1.0,46.0,0,4,3.9,0,0,0,7.0,42,FWD,1.4,Marc Guiu Paz
Alejandro,Garnacho Ferreyra,1,0,10,187,3,21.7,37.0,78.0,0,38,13.7,0,0,0,0.4,64,MID,1.6,Alejandro Garnacho Ferreyra
Jorrel,Hato,0,0,3,166,2,3.3,24.0,6.0,0,5,3.2,0,0,2,0.2,47,DEF,0.6,Jorrel Hato
Landon,Emenalo,0,0,0,0,0,0.0,0.0,0.0,0,0,0.0,0,0,0,0.0,45,MID,0.0,Landon Emenalo
Dean,Henderson,0,0,30,810,9,10.0,177.4,0.0,0,136,18.5,3,0,1,7.5,50,GK,6.0,Dean Henderson
Walter,Benítez,0,0,0,0,0,0.0,0.0,0.0,0,0,0.0,0,0,0,0.3,40,GK,0.0,Walter Benítez
Remi,Matthews,0,0,0,0,0,0.0,0.0,0.0,0,0,0.0,0,0,0,0.1,40,GK,0.0,Remi Matthews
Daniel,Muñoz Mejía,1,3,48,810,9,104.1,208.2,164.0,2,163,47.5,3,0,3,14.8,57,DEF,8.4,Daniel Muñoz Mejía
Maxence,Lacroix,0,1,42,810,9,31.5,211.2,48.0,2,158,29.0,3,0,1,3.7,50,DEF,8.4,Maxence Lacroix
Tyrick,Mitchell,1,0,38,810,9,133.5,203.8,77.0,2,155,41.5,3,0,2,2.3,50,DEF,7.6,Tyrick Mitchell
Borna,Sosa,0,0,1,1,0,0.0,0.0,0.0,0,3,0.0,0,0,0,0.1,49,DEF,0.2,Borna Sosa
Marc,Guéhi,1,3,54,810,9,77.3,219.4,101.0,3,180,39.8,3,0,0,33.1,49,DEF,11.0,Marc Guéhi
Chris,Richards,0,0,38,810,9,48.1,219.6,32.0,0,146,30.1,3,0,0,3.2,45,DEF,8.4,Chris Richards
Chadi,Riad Dnanou,0,0,0,0,0,0.0,0.0,0.0,0,0,0.0,0,0,0,0.0,40,DEF,0.0,Chadi Riad Dnanou
Nathaniel,Clyne,0,0,1,4,0,0.5,3.4,0.0,0,5,0.4,0,0,0,0.5,39,DEF,0.3,Nathaniel Clyne
Rob,Holding,0,0,0,0,0,0.0,0.0,0.0,0,0,0.0,0,0,0,0.0,40,DEF,0.0,Rob Holding
Caleb,Kporha,0,0,0,0,0,0.0,0.0,0.0,0,0,0.0,0,0,0,0.0,40,DEF,0.0,Caleb Kporha
Ismaïla,Sarr,3,1,40,612,6,80.2,166.2,142.0,6,125,39.0,3,0,1,10.4,66,MID,6.1,Ismaïla Sarr
Cheick,Doucouré,0,0,0,0,0,0.0,0.0,0.0,0,0,0.0,0,0,0,0.0,49,MID,0.0,Cheick Doucouré
Romain,Esse,0,0,1,24,0,0.4,4.6,2.0,0,6,0.7,0,0,0,0.1,48,MID,0.2,Romain Esse
Will,Hughes,0,0,12,427,3,89.6,55.4,22.0,0,48,16.7,3,0,3,0.1,48,MID,2.5,Will Hughes
Daichi,Kamada,0,2,24,599,7,101.4,73.6,42.0,0,117,21.7,2,0,0,0.1,50,MID,4.8,Daichi Kamada
Jefferson,Lerma Solís,0,0,9,180,2,19.6,24.0,43.0,0,30,8.7,1,0,1,0.1,49,MID,1.8,Jefferson Lerma Solís
Adam,Wharton,0,1,23,631,8,218.5,88.0,14.0,2,128,31.9,2,0,1,0.5,50,MID,4.6,Adam Wharton
Asher,Agbinone,0,0,0,0,0,0.0,0.0,0.0,0,0,0.0,0,0,0,0.1,44,MID,0.0,Asher Agbinone
Naouirou,Ahamada,0,0,0,0,0,0.0,0.0,0.0,0,0,0.0,0,0,0,0.0,44,MID,0.0,Naouirou Ahamada
Justin,Devenny,0,0,8,145,3,31.4,16.2,73.0,0,30,12.1,0,0,0,1.1,44,MID,1.8,Justin Devenny
Malcolm,Ebiowei,0,0,0,0,0,0.0,0.0,0.0,0,0,0.0,0,0,0,0.0,45,MID,0.0,Malcolm Ebiowei
Jesurun,Rak-Sakyi,0,0,0,0,0,0.0,0.0,0.0,0,0,0.0,0,0,0,0.0,44,MID,0.0,Jesurun Rak-Sakyi
Matheus,França de Oliveira,0,0,0,0,0,0.0,0.0,0.0,0,0,0.0,0,0,0,0.0,45,MID,0.0,Matheus França de Oliveira
David,Ozoh,0,0,0,0,0,0.0,0.0,0.0,0,0,0.0,0,0,0,0.0,45,MID,0.0,David Ozoh
Kaden,Rodney,0,0,0,0,0,0.0,0.0,0.0,0,0,0.0,0,0,0,0.0,45,MID,0.0,Kaden Rodney
Franco,Umeh-Chibueze,0,0,0,0,0,0.0,0.0,0.0,0,0,0.0,0,0,0,0.0,45,MID,0.0,Franco Umeh-Chibueze
Jean-Philippe,Mateta,5,0,39,780,7,38.5,221.0,361.0,3,145,62.1,4,0,2,19.3,77,FWD,5.1,Jean-Philippe Mateta
Eddie,Nketiah,1,0,8,107,4,45.9,43.6,58.0,0,39,14.8,0,0,1,0.5,54,FWD,1.5,Eddie Nketiah
Odsonne,Édouard,0,0,1,2,0,0.0,2.0,0.0,0,6,0.2,0,0,0,0.3,50,FWD,0.2,Odsonne Édouard
Zach,Marsh,0,0,0,0,0,0.0,0.0,0.0,0,0,0.0,0,0,0,0.3,45,FWD,0.0,Zach Marsh
Rio,Cardines,0,0,0,0,0,0.0,0.0,0.0,0,0,0.0,0,0,0,0.4,44,MID,0.0,Rio Cardines
Yéremy,Pino Santos,0,0,11,428,4,110.6,40.6,62.0,0,49,21.0,2,0,2,0.1,58,MID,1.9,Yéremy Pino Santos
Jaydee,Canvot,0,0,0,0,0,0.0,0.0,0.0,0,0,0.0,0,0,0,0.0,45,DEF,0.0,Jaydee Canvot
Christantus,Uche,0,0,3,8,1,0.8,3.4,19.0,0,12,2.3,0,0,0,0.0,55,FWD,0.5,Christantus Uche
Kiernan,Dewsbury-Hall,1,1,24,715,11,216.3,101.2,74.0,3,122,39.2,2,0,5,3.0,49,MID,4.9,Kiernan Dewsbury-Hall
Jordan,Pickford,0,0,33,810,12,0.0,224.2,0.0,3,127,22.4,2,0,0,9.8,55,GK,6.0,Jordan Pickford
Mark,Travers,0,0,0,0,0,0.0,0.0,0.0,0,0,0.0,0,0,0,0.1,44,GK,0.0,Mark Travers
Harry,Tyrer,0,0,0,0,0,0.0,0.0,0.0,0,0,0.0,0,0,0,0.1,40,GK,0.0,Harry Tyrer
Jarrad,Branthwaite,0,0,0,0,0,0.0,0.0,0.0,0,0,0.0,0,0,0,0.2,53,DEF,0.0,Jarrad Branthwaite
James,Tarkowski,0,0,36,810,12,68.4,230.6,29.0,1,124,32.9,2,0,1,6.5,55,DEF,6.5,James Tarkowski
Vitalii,Mykolenko,0,0,9,535,11,39.6,77.0,21.0,0,17,13.7,0,0,1,0.4,49,DEF,1.8,Vitalii Mykolenko
Jake,O'Brien,0,0,25,785,11,72.7,118.8,48.0,1,82,24.1,2,0,0,0.4,50,DEF,5.0,Jake O'Brien
Séamus,Coleman,0,0,2,2,0,0.0,0.0,0.0,0,7,0.0,0,0,0,0.1,43,DEF,0.5,Séamus Coleman
Michael,Keane,1,0,37,784,12,18.8,214.0,70.0,1,105,30.2,2,0,0,1.1,45,DEF,8.2,Michael Keane
Nathan,Patterson,0,0,0,0,0,0.0,0.0,0.0,0,0,0.0,0,0,0,0.0,44,DEF,0.0,Nathan Patterson
Roman,Dixon,0,0,0,0,0,0.0,0.0,0.0,0,0,0.0,0,0,0,0.2,39,DEF,0.0,Roman Dixon
Reece,Welch,0,0,0,0,0,0.0,0.0,0.0,0,0,0.0,0,0,0,0.1,39,DEF,0.0,Reece Welch
Iliman,Ndiaye,3,1,43,763,12,170.8,232.4,169.0,1,177,57.3,2,0,2,11.1,65,MID,6.6,Iliman Ndiaye
Dwight,McNeil,0,0,2,23,0,11.5,0.0,8.0,0,4,1.8,0,0,0,0.1,56,MID,0.4,Dwight McNeil
Carlos,Alcaraz Durán,0,0,8,235,4,23.5,23.2,45.0,0,37,9.2,0,0,1,0.1,52,MID,1.5,Carlos Alcaraz Durán
Idrissa Gana,Gueye,1,0,28,769,10,69.9,112.0,68.0,1,147,25.0,2,0,0,0.1,54,MID,5.2,Idrissa Gana Gueye
James,Garner,1,1,37,810,12,172.0,218.8,78.0,5,196,46.9,2,0,4,0.9,50,MID,7.4,James Garner
Tim,Iroegbunam,0,1,12,264,1,9.0,46.4,7.0,0,40,6.3,3,0,3,0.0,49,MID,2.4,Tim Iroegbunam
Harrison,Armstrong,0,0,1,1,0,0.0,0.0,0.0,0,3,0.0,0,0,0,0.1,45,MID,0.2,Harrison Armstrong
Callum,Bates,0,0,0,0,0,0.0,0.0,0.0,0,0,0.0,0,0,0,0.1,44,MID,0.0,Callum Bates
Coby,Ebere,0,0,0,0,0,0.0,0.0,0.0,0,0,0.0,0,0,0,0.0,44,MID,0.0,Coby Ebere
Isaac,Heath,0,0,0,0,0,0.0,0.0,0.0,0,0,0.0,0,0,0,0.0,45,MID,0.0,Isaac Heath
Jenson,Metcalfe,0,0,0,0,0,0.0,0.0,0.0,0,0,0.0,0,0,0,0.0,45,MID,0.0,Jenson Metcalfe
Thierno,Barry,0,0,10,246,3,22.5,14.6,29.0,0,14,5.9,1,0,0,0.3,57,FWD,1.8,Thierno Barry
Norberto Bercique,Gomes Betuncal,1,0,19,562,9,46.1,69.2,205.0,1,46,31.0,1,0,1,3.4,52,FWD,3.7,Norberto Bercique Gomes Betuncal
Youssef,Ramalho Chermiti,0,0,0,0,0,0.0,0.0,0.0,0,0,0.0,0,0,0,0.1,49,FWD,0.0,Youssef Ramalho Chermiti
Martin,Sherif,0,0,0,0,0,0.0,0.0,0.0,0,0,0.0,0,0,0,0.1,44,FWD,0.0,Martin Sherif
Jack,Grealish,1,4,38,646,10,263.5,222.2,228.0,7,191,71.5,2,0,3,17.9,69,MID,5.5,Jack Grealish
Tom,King,0,0,0,0,0,0.0,0.0,0.0,0,0,0.0,0,0,0,1.2,39,GK,0.0,Tom King
Adam,Aznou,0,0,0,0,0,0.0,0.0,0.0,0,0,0.0,0,0,0,0.1,43,DEF,0.0,Adam Aznou
Tyler,Onyango,0,0,0,0,0,0.0,0.0,0.0,0,0,0.0,0,0,0,0.1,45,MID,0.0,Tyler Onyango
Elijah,Campbell,0,0,0,0,0,0.0,0.0,0.0,0,0,0.0,0,0,0,0.2,40,DEF,0.0,Elijah Campbell
Tyler,Dibling,0,0,3,62,1,1.1,3.0,2.0,0,7,0.5,0,0,1,0.0,54,MID,0.6,Tyler Dibling
Merlin,Röhl,0,0,3,68,1,12.5,5.4,7.0,0,7,2.5,0,0,0,0.0,50,MID,0.6,Merlin Röhl
Bernd,Leno,0,0,25,810,14,0.0,224.2,0.0,1,113,22.4,1,0,1,1.6,50,GK,5.0,Bernd Leno
Steven,Benda,0,0,0,0,0,0.0,0.0,0.0,0,0,0.0,0,0,0,0.0,40,GK,0.0,Steven Benda
Antonee,Robinson,0,0,3,61,0,22.8,13.6,4.0,0,12,4.1,0,0,0,0.5,49,DEF,0.6,Antonee Robinson
Joachim,Andersen,0,0,30,671,11,29.3,187.8,31.0,2,108,24.8,1,0,0,2.7,45,DEF,6.7,Joachim Andersen
Calvin,Bassey,0,0,20,728,13,22.2,127.8,11.0,3,69,16.2,1,0,2,0.6,45,DEF,4.4,Calvin Bassey
Timothy,Castagne,0,0,10,397,10,52.5,68.8,37.0,0,32,15.8,0,0,0,0.1,44,DEF,2.3,Timothy Castagne
Issa,Diop,0,0,4,223,5,1.7,34.0,4.0,0,9,4.0,0,0,1,0.1,44,DEF,0.9,Issa Diop
Jorge,Cuenca Barreno,0,0,7,168,2,4.6,40.6,6.0,0,25,5.1,0,0,0,0.0,44,DEF,1.6,Jorge Cuenca Barreno
Kenny,Tete,0,0,17,540,7,42.0,107.8,14.0,0,84,16.5,1,0,1,0.2,45,DEF,3.8,Kenny Tete
Samuel,Amissah,0,0,0,0,0,0.0,0.0,0.0,0,0,0.0,0,0,0,0.1,39,DEF,0.0,Samuel Amissah
Alex,Iwobi,1,2,35,721,13,212.7,143.0,68.0,5,140,42.4,1,0,2,1.7,65,MID,5.4,Alex Iwobi
Emile,Smith Rowe,1,0,14,195,2,44.7,53.8,55.0,0,46,15.4,0,0,0,0.4,57,MID,2.5,Emile Smith Rowe
Adama,Traoré Diarra,0,0,9,226,5,56.3,16.6,31.0,0,34,10.1,0,0,0,0.2,52,MID,1.7,Adama Traoré Diarra
Andreas,Hoelgebaum Pereira,0,0,0,0,0,0.0,0.0,0.0,0,0,0.0,0,0,0,0.1,53,MID,0.0,Andreas Hoelgebaum Pereira
Ryan,Sessegnon,1,1,29,656,13,77.1,143.2,75.0,2,118,29.4,1,0,0,0.2,54,MID,5.4,Ryan Sessegnon
Harry,Wilson,1,1,23,518,6,92.7,83.8,105.0,2,95,28.1,1,0,1,0.3,53,MID,4.3,Harry Wilson
Sander,Berge,0,0,20,778,14,68.4,94.2,22.0,0,111,18.5,1,0,1,0.1,49,MID,4.1,Sander Berge
Tom,Cairney,0,0,7,178,5,22.3,3.4,17.0,0,26,4.4,0,0,1,0.0,49,MID,1.4,Tom Cairney
Saša,Lukić,1,2,27,632,9,219.3,120.2,71.0,2,125,41.0,1,0,4,0.1,50,MID,5.4,Saša Lukić
Martial,Godo,0,0,0,0,0,0.0,0.0,0.0,0,0,0.0,0,0,0,0.0,45,MID,0.0,Martial Godo
Luke,Harris,0,0,0,0,0,0.0,0.0,0.0,0,0,0.0,0,0,0,0.0,45,MID,0.0,Luke Harris
Josh,King,0,0,15,543,10,45.5,57.0,125.0,0,59,22.1,1,0,2,4.0,45,MID,3.3,Josh King
Harrison,Reed,0,0,0,0,0,0.0,0.0,0.0,0,0,0.0,0,0,0,0.2,44,MID,0.0,Harrison Reed
Raúl,Jiménez Rodríguez,1,1,19,321,4,13.1,50.0,132.0,1,57,18.8,0,0,0,0.9,62,FWD,3.1,Raúl Jiménez Rodríguez
Rodrigo,Muniz Carvalho,1,1,15,314,4,41.7,58.8,103.0,3,38,20.0,1,0,1,1.0,54,FWD,2.8,Rodrigo Muniz Carvalho
Benjamin,Lecomte,0,0,0,0,0,0.0,0.0,0.0,0,0,0.0,0,0,0,0.6,40,GK,0.0,Benjamin Lecomte
Samuel,Chukwueze,0,1,5,33,3,25.4,21.0,14.0,0,20,6.1,0,0,0,0.0,53,MID,0.9,Samuel Chukwueze
Kevin,Santos Lopes de Macedo,0,0,5,157,4,63.5,46.2,24.0,0,31,13.4,0,0,1,0.1,60,MID,0.8,Kevin Santos Lopes de Macedo
Jonah,Kusi-Asare,0,0,1,1,0,0.0,0.0,0.0,0,2,0.0,0,0,0,0.1,45,FWD,0.2,Jonah Kusi-Asare
Illan,Meslier,0,0,0,0,0,0.0,0.0,0.0,0,0,0.0,0,0,0,0.4,43,GK,0.0,Illan Meslier
Alex,Cairns,0,0,0,0,0,0.0,0.0,0.0,0,0,0.0,0,0,0,0.2,40,GK,0.0,Alex Cairns
Karl,Darlow,0,0,10,450,8,0.0,105.0,0.0,0,55,10.5,0,0,0,2.4,40,GK,2.5,Karl Darlow
Jayden,Bogle,0,1,26,792,13,60.4,122.2,73.0,0,84,25.6,2,0,2,0.2,45,DEF,5.8,Jayden Bogle
Pascal,Struijk,0,0,24,720,13,30.5,148.8,59.0,2,93,23.9,2,0,1,0.3,45,DEF,5.3,Pascal Struijk
Jaka,Bijol,0,0,4,90,1,10.2,24.8,0.0,0,18,3.5,0,0,0,0.1,39,DEF,1.0,Jaka Bijol
Sebastiaan,Bornauw,0,0,0,0,0,0.0,0.0,0.0,0,0,0.0,0,0,0,0.1,39,DEF,0.0,Sebastiaan Bornauw
Sam,Byram,0,0,1,7,1,0.0,0.0,0.0,0,-2,0.0,0,0,0,0.2,39,DEF,0.3,Sam Byram
Gabriel,Gudmundsson,0,0,25,740,13,163.1,150.0,43.0,6,96,35.6,2,0,1,4.9,40,DEF,6.2,Gabriel Gudmundsson
Joe,Rodon,2,0,44,810,14,28.4,253.2,120.0,5,144,40.2,2,0,0,6.4,41,DEF,10.7,Joe Rodon
Isaac,Schmidt,0,0,0,0,0,0.0,0.0,0.0,0,0,0.0,0,0,0,0.1,40,DEF,0.0,Isaac Schmidt
Brenden,Aaronson,1,2,32,546,6,135.0,122.6,149.0,3,134,40.7,2,0,1,0.2,54,MID,5.9,Brenden Aaronson
Wilfried,Gnonto,0,0,6,191,5,21.4,15.8,16.0,0,27,5.3,1,0,1,0.1,52,MID,1.2,Wilfried Gnonto
Jack,Harrison,0,0,9,240,4,35.0,27.8,33.0,0,48,9.7,0,0,0,0.1,52,MID,1.7,Jack Harrison
Daniel,James,0,0,9,239,6,59.7,22.0,37.0,0,33,11.9,1,0,0,0.1,53,MID,1.7,Daniel James
Ethan,Ampadu,0,0,21,607,9,69.3,101.6,17.0,0,100,18.9,1,0,2,0.1,49,MID,4.3,Ethan Ampadu
Sam,Greenwood,0,0,0,0,0,0.0,0.0,0.0,0,0,0.0,0,0,0,0.0,49,MID,0.0,Sam Greenwood
Ilia,Gruev,0,0,7,211,6,8.9,25.0,2.0,0,42,3.6,1,0,1,0.0,48,MID,1.5,Ilia Gruev
Largie,Ramazani,0,0,0,0,0,0.0,0.0,0.0,0,0,0.0,0,0,0,0.0,49,MID,0.0,Largie Ramazani
Tanaka,Ao,0,0,11,260,5,56.4,15.8,10.0,0,40,8.0,2,0,0,0.1,48,MID,2.3,Tanaka Ao
Charlie,Crew,0,0,0,0,0,0.0,0.0,0.0,0,0,0.0,0,0,0,0.0,45,MID,0.0,Charlie Crew
Joe,Gelhardt,0,0,0,0,0,0.0,0.0,0.0,0,0,0.0,0,0,0,0.0,45,MID,0.0,Joe Gelhardt
Darko,Gyabi,0,0,0,0,0,0.0,0.0,0.0,0,0,0.0,0,0,0,0.0,45,MID,0.0,Darko Gyabi
Joël,Piroe,0,0,5,162,4,12.0,5.0,77.0,0,11,9.1,1,0,0,0.4,51,FWD,1.0,Joël Piroe
Patrick,Bamford,0,0,0,0,0,0.0,0.0,0.0,0,0,0.0,0,0,0,0.4,49,FWD,0.0,Patrick Bamford
Mateo,Joseph Fernández-Regatillo,0,0,0,0,0,0.0,0.0,0.0,0,0,0.0,0,0,0,0.0,50,FWD,0.0,Mateo Joseph Fernández-Regatillo
Lukas,Nmecha,1,0,14,174,5,11.8,46.8,65.0,0,45,12.3,1,0,0,0.7,50,FWD,2.8,Lukas Nmecha
Sean,Longstaff,1,2,36,655,10,273.1,194.0,40.0,4,185,50.8,1,0,0,1.1,49,MID,7.3,Sean Longstaff
Anton,Stach,1,2,35,678,13,205.8,132.4,74.0,3,128,41.3,2,0,1,2.7,51,MID,6.9,Anton Stach
Lucas Estella,Perri,0,0,13,360,6,0.0,51.6,0.0,0,44,5.1,2,0,1,0.2,45,GK,2.9,Lucas Estella Perri
Dominic,Calvert-Lewin,1,1,22,534,6,107.3,62.8,169.0,2,60,33.5,2,0,0,1.5,55,FWD,4.0,Dominic Calvert-Lewin
Noah,Okafor,2,1,25,349,5,58.4,99.2,109.0,3,79,26.7,1,0,2,0.2,55,MID,4.5,Noah Okafor
James,Justin,0,0,3,64,1,1.1,15.0,2.0,0,11,1.8,0,0,1,0.2,40,DEF,0.8,James Justin
Harry,Gray,0,0,0,0,0,0.0,0.0,0.0,0,0,0.0,0,0,0,0.1,45,FWD,0.0,Harry Gray
Alisson,Becker,0,0,20,540,7,0.1,106.8,0.0,2,95,10.7,2,0,0,6.0,54,GK,3.7,Alisson Becker
Giorgi,Mamardashvili,0,0,5,270,7,0.0,84.4,0.0,0,36,8.4,0,0,0,0.9,43,GK,1.2,Giorgi Mamardashvili
Ármin,Pécsi,0,0,0,0,0,0.0,0.0,0.0,0,0,0.0,0,0,0,0.4,39,GK,0.0,Ármin Pécsi
Freddie,Woodman,0,0,0,0,0,0.0,0.0,0.0,0,0,0.0,0,0,0,0.2,39,GK,0.0,Freddie Woodman
Jeremie,Frimpong,0,1,7,83,1,17.3,19.4,29.0,0,29,6.6,0,0,0,5.6,58,DEF,1.2,Jeremie Frimpong
Milos,Kerkez,1,0,20,660,11,86.0,142.2,63.0,0,83,29.2,1,0,3,3.7,58,DEF,3.4,Milos Kerkez
Andrew,Robertson,0,0,3,146,3,83.7,50.2,40.0,0,28,17.4,0,0,0,0.9,58,DEF,0.5,Andrew Robertson
Virgil,van Dijk,0,0,35,810,14,43.0,285.6,60.0,4,126,38.8,2,0,1,24.4,60,DEF,5.8,Virgil van Dijk
Ibrahima,Konaté,0,0,30,742,12,70.4,193.0,29.0,3,118,29.3,2,0,2,2.7,54,DEF,5.6,Ibrahima Konaté
Conor,Bradley,0,1,9,357,8,45.3,50.2,22.0,0,21,11.6,0,0,3,0.2,50,DEF,1.8,Conor Bradley
Joe,Gomez,0,0,3,36,1,0.8,14.6,6.0,0,7,2.0,0,0,0,0.1,49,DEF,0.6,Joe Gomez
Konstantinos,Tsimikas,0,0,0,0,0,0.0,0.0,0.0,0,0,0.0,0,0,0,0.1,48,DEF,0.0,Konstantinos Tsimikas
Amara,Nallo,0,0,0,0,0,0.0,0.0,0.0,0,0,0.0,0,0,0,0.4,38,DEF,0.0,Amara Nallo
Rhys,Williams,0,0,0,0,0,0.0,0.0,0.0,0,0,0.0,0,0,0,0.2,39,DEF,0.0,Rhys Williams
Calvin,Ramsay,0,0,0,0,0,0.0,0.0,0.0,0,0,0.0,0,0,0,0.2,39,DEF,0.0,Calvin Ramsay
Mohamed,Salah,3,2,42,804,14,252.2,181.4,268.0,2,132,70.1,2,0,1,26.0,143,MID,2.9,Mohamed Salah
Florian,Wirtz,0,0,16,591,9,217.0,70.6,130.0,0,80,41.7,2,0,1,7.7,81,MID,2.0,Florian Wirtz
Luis,Díaz Marulanda,0,0,0,0,0,0.0,0.0,0.0,0,0,0.0,0,0,0,0.0,80,MID,0.0,Luis Díaz Marulanda
Cody,Gakpo,3,2,42,705,13,266.9,190.6,246.0,2,165,70.5,2,0,0,14.5,76,MID,5.5,Cody Gakpo
Federico,Chiesa,2,1,19,110,3,16.7,98.0,62.0,0,71,17.7,0,0,1,0.3,64,MID,3.0,Federico Chiesa
Alexis,Mac Allister,0,1,18,474,5,93.6,70.6,41.0,0,95,20.5,1,0,0,1.2,63,MID,2.9,Alexis Mac Allister
Dominik,Szoboszlai,1,1,41,810,14,251.9,224.4,101.0,7,192,57.8,2,0,2,4.1,65,MID,6.3,Dominik Szoboszlai
Curtis,Jones,0,1,13,322,9,66.3,58.8,33.0,0,84,15.8,0,0,0,0.1,54,MID,2.4,Curtis Jones
Ryan,Gravenberch,2,2,39,601,8,104.8,178.0,52.0,7,165,33.5,2,0,2,4.0,56,MID,7.0,Ryan Gravenberch
Endo,Wataru,0,1,6,36,3,10.9,28.8,0.0,0,20,3.9,0,0,1,0.1,49,MID,1.2,Endo Wataru
Stefan,Bajčetić Maquieira,0,0,0,0,0,0.0,0.0,0.0,0,0,0.0,0,0,0,0.0,43,MID,0.0,Stefan Bajčetić Maquieira
James,McConnell,0,0,0,0,0,0.0,0.0,0.0,0,0,0.0,0,0,0,0.0,44,MID,0.0,James McConnell
Tyler,Morton,0,0,0,0,0,0.0,0.0,0.0,0,0,0.0,0,0,0,0.0,45,MID,0.0,Tyler Morton
Trey,Nyoni,0,0,0,0,0,0.0,0.0,0.0,0,0,0.0,0,0,0,0.6,43,MID,0.0,Trey Nyoni
Darwin,Núñez Ribeiro,0,0,0,0,0,0.0,0.0,0.0,0,0,0.0,0,0,0,0.1,65,FWD,0.0,Darwin Núñez Ribeiro
Jayden,Danns,0,0,0,0,0,0.0,0.0,0.0,0,0,0.0,0,0,0,0.1,44,FWD,0.0,Jayden Danns
Alexander,Isak,0,1,10,250,3,21.5,21.8,50.0,0,19,8.7,0,0,0,5.8,104,FWD,1.0,Alexander Isak
Hugo,Ekitiké,3,1,36,499,8,66.7,154.6,128.0,7,122,34.5,2,0,0,16.4,86,FWD,4.2,Hugo Ekitiké
Rio,Ngumoha,1,0,9,30,1,22.7,39.2,25.0,0,37,8.8,0,0,0,0.5,45,MID,2.0,Rio Ngumoha
Giovanni,Leoni,0,0,0,0,0,0.0,0.0,0.0,0,0,0.0,0,0,0,0.0,49,DEF,0.0,Giovanni Leoni
Kieran,Morrison,0,0,0,0,0,0.0,0.0,0.0,0,0,0.0,0,0,0,0.0,45,MID,0.0,Kieran Morrison
James,Trafford,0,0,11,270,4,0.0,100.2,0.0,0,62,10.1,1,0,0,1.2,47,GK,2.3,James Trafford
Ederson,Santana de Moraes,0,0,0,0,0,0.0,0.0,0.0,0,0,0.0,0,0,0,1.0,53,GK,0.0,Ederson Santana de Moraes
Stefan,Ortega Moreno,0,0,0,0,0,0.0,0.0,0.0,0,0,0.0,0,0,0,0.2,48,GK,0.0,Stefan Ortega Moreno
Marcus,Bettinelli,0,0,0,0,0,0.0,0.0,0.0,0,0,0.0,0,0,0,0.1,40,GK,0.0,Marcus Bettinelli
Rayan,Aït-Nouri,0,0,10,202,2,26.7,43.0,7.0,1,34,7.6,1,0,1,5.0,58,DEF,1.7,Rayan Aït-Nouri
Joško,Gvardiol,0,1,26,429,3,45.3,111.0,31.0,3,99,18.7,2,0,0,5.5,59,DEF,4.4,Joško Gvardiol
Manuel,Akanji,0,0,0,0,0,0.0,0.0,0.0,0,0,0.0,0,0,0,0.3,54,DEF,0.0,Manuel Akanji
Nathan,Aké,0,0,10,201,3,24.9,37.4,13.0,0,42,7.6,1,0,0,0.6,54,DEF,1.9,Nathan Aké
Abdukodir,Khusanov,0,0,11,227,1,5.2,42.4,0.0,0,46,4.8,1,0,1,0.3,54,DEF,2.0,Abdukodir Khusanov
Matheus,Nunes,1,1,30,513,4,72.4,130.6,24.0,2,124,22.7,2,0,1,0.8,53,DEF,5.7,Matheus Nunes
Rúben,dos Santos Gato Alves Dias,0,0,37,725,6,33.0,179.6,12.0,1,149,22.5,4,0,0,4.6,55,DEF,6.7,Rúben dos Santos Gato Alves Dias
John,Stones,0,0,11,324,6,19.3,69.6,2.0,0,46,9.1,1,0,0,0.7,55,DEF,2.0,John Stones
Rico,Lewis,0,1,15,172,3,32.2,47.2,15.0,2,50,9.4,1,0,0,1.7,49,DEF,3.1,Rico Lewis
Nico,O'Reilly,0,1,32,503,2,101.1,124.0,50.0,2,121,27.5,4,0,2,1.0,49,DEF,6.5,Nico O'Reilly
Vitor,de Oliveira Nunes dos Reis,0,0,0,0,0,0.0,0.0,0.0,0,0,0.0,0,0,0,0.0,50,DEF,0.0,Vitor de Oliveira Nunes dos Reis
Omar,Marmoush,0,1,10,154,3,36.4,38.2,58.0,2,39,13.3,0,0,0,2.6,83,MID,1.2,Omar Marmoush
Phil,Foden,1,0,24,532,2,292.9,112.6,88.0,2,128,49.4,4,0,2,4.6,80,MID,3.0,Phil Foden
Sávio,Moreira de Oliveira,0,1,14,334,3,58.3,46.8,116.0,0,49,22.0,2,0,1,0.5,69,MID,2.0,Sávio Moreira de Oliveira
Bernardo,Mota Veiga de Carvalho e Silva,0,1,18,461,3,150.8,78.4,24.0,0,93,25.3,2,0,1,0.5,63,MID,2.9,Bernardo Mota Veiga de Carvalho e Silva
Rayan,Cherki,1,0,9,89,2,58.8,57.6,22.0,0,46,13.9,0,0,0,2.1,63,MID,1.4,Rayan Cherki
Jérémy,Doku,0,4,31,472,2,215.7,123.2,159.0,3,111,49.7,3,0,0,5.5,65,MID,4.8,Jérémy Doku
İlkay,Gündoğan,0,0,0,0,0,0.0,0.0,0.0,0,0,0.0,0,0,0,0.1,63,MID,0.0,İlkay Gündoğan
Rodrigo 'Rodri',Hernandez Cascante,0,0,11,291,3,50.4,50.0,19.0,0,55,11.9,1,0,0,0.5,63,MID,1.7,Rodrigo 'Rodri' Hernandez Cascante
Mateo,Kovačić,0,0,1,4,0,0.8,2.6,0.0,0,3,0.3,0,0,0,0.0,59,MID,0.2,Mateo Kovačić
Nico,González Iglesias,0,0,16,464,4,78.3,100.6,25.0,0,111,20.3,3,0,2,0.1,59,MID,2.7,Nico González Iglesias
Oscar,Bobb,0,1,18,451,5,141.1,67.6,72.0,0,81,28.2,2,0,0,0.3,54,MID,3.3,Oscar Bobb
Claudio,Echeverri,0,0,0,0,0,0.0,0.0,0.0,0,0,0.0,0,0,0,0.0,54,MID,0.0,Claudio Echeverri
Tijjani,Reijnders,1,2,33,740,7,162.5,135.4,141.0,2,141,43.5,3,0,2,25.1,56,MID,5.9,Tijjani Reijnders
Sverre,Nypan,0,0,0,0,0,0.0,0.0,0.0,0,0,0.0,0,0,0,0.0,50,MID,0.0,Sverre Nypan
Kalvin,Phillips,0,0,0,0,0,0.0,0.0,0.0,0,0,0.0,0,0,0,0.1,48,MID,0.0,Kalvin Phillips
Erling,Haaland,11,1,85,773,6,59.6,417.4,525.0,20,354,100.3,5,0,0,69.0,148,FWD,5.7,Erling Haaland
Gianluigi,Donnarumma,0,0,23,540,3,0.0,80.2,0.0,0,98,8.1,3,0,1,10.3,57,GK,4.0,Gianluigi Donnarumma
Divine,Mukasa,0,0,0,0,0,0.0,0.0,0.0,0,0,0.0,0,0,0,0.0,45,MID,0.0,Divine Mukasa
Stephen,Mfuni,0,0,0,0,0,0.0,0.0,0.0,0,0,0.0,0,0,0,0.0,40,DEF,0.0,Stephen Mfuni
Ryan,McAidoo,0,0,0,0,0,0.0,0.0,0.0,0,0,0.0,0,0,0,0.0,45,MID,0.0,Ryan McAidoo
Bryan,Mbeumo,4,1,51,775,13,289.3,220.8,291.0,8,191,80.1,2,0,0,25.8,82,MID,6.2,Bryan Mbeumo
Altay,Bayındır,0,0,11,540,11,10.0,118.4,0.0,0,49,12.8,0,0,0,0.4,49,GK,2.2,Altay Bayındır
André,Onana,0,0,0,0,0,0.0,0.0,0.0,0,0,0.0,0,0,0,0.2,49,GK,0.0,André Onana
Elyh,Harrison,0,0,0,0,0,0.0,0.0,0.0,0,0,0.0,0,0,0,0.0,40,GK,0.0,Elyh Harrison
Tom,Heaton,0,0,0,0,0,0.0,0.0,0.0,0,0,0.0,0,0,0,0.3,39,GK,0.0,Tom Heaton
Dermot,Mee,0,0,0,0,0,0.0,0.0,0.0,0,0,0.0,0,0,0,0.1,40,GK,0.0,Dermot Mee
Matthijs,de Ligt,0,0,29,810,14,43.7,170.8,46.0,5,117,26.0,1,0,0,3.0,50,DEF,5.8,Matthijs de Ligt
Lisandro,Martínez,0,0,0,0,0,0.0,0.0,0.0,0,0,0.0,0,0,0,0.1,48,DEF,0.0,Lisandro Martínez
Noussair,Mazraoui,0,0,9,130,2,14.2,31.2,4.0,1,40,4.9,1,0,0,0.2,49,DEF,1.8,Noussair Mazraoui
Diego,León Blanco,0,0,0,0,0,0.0,0.0,0.0,0,0,0.0,0,0,0,0.1,43,DEF,0.0,Diego León Blanco
Diogo,Dalot Teixeira,0,2,21,515,10,125.6,90.4,27.0,0,62,24.3,1,0,0,1.0,44,DEF,4.8,Diogo Dalot Teixeira
Patrick,Dorgu,0,1,10,521,11,106.0,97.6,56.0,0,40,26.0,0,0,3,3.2,43,DEF,2.3,Patrick Dorgu
Harry,Maguire,1,1,27,270,4,12.0,84.8,38.0,3,65,13.5,1,0,0,0.8,44,DEF,6.1,Harry Maguire
Luke,Shaw,0,1,26,753,11,39.4,106.0,5.0,0,89,15.0,2,0,0,0.4,45,DEF,5.8,Luke Shaw
Leny,Yoro,0,1,22,544,10,23.5,80.4,24.0,1,67,12.7,1,0,0,1.8,44,DEF,5.0,Leny Yoro
Harry,Amass,0,0,0,0,0,0.0,0.0,0.0,0,0,0.0,0,0,0,0.1,40,DEF,0.0,Harry Amass
Tyler,Fredricson,0,0,0,0,0,0.0,0.0,0.0,0,0,0.0,0,0,0,0.1,39,DEF,0.0,Tyler Fredricson
Ayden,Heaven,0,1,4,28,2,10.3,28.6,0.0,0,14,3.9,0,0,0,1.0,39,DEF,1.0,Ayden Heaven
Tyrell,Malacia,0,0,0,0,0,0.0,0.0,0.0,0,0,0.0,0,0,0,0.3,39,DEF,0.0,Tyrell Malacia
Bruno,Borges Fernandes,2,1,40,800,14,345.9,259.8,183.0,8,197,79.0,1,0,2,16.6,89,MID,4.5,Bruno Borges Fernandes
Matheus,Santos Carneiro da Cunha,1,0,19,522,8,98.6,107.6,153.0,1,95,36.0,0,0,0,4.3,79,MID,2.4,Matheus Santos Carneiro da Cunha
Marcus,Rashford,0,0,0,0,0,0.0,0.0,0.0,0,0,0.0,0,0,0,0.0,70,MID,0.0,Marcus Rashford
Amad,Diallo,0,2,20,573,6,143.2,103.2,135.0,0,115,38.2,2,0,1,1.3,63,MID,3.2,Amad Diallo
Antony,dos Santos,0,0,0,0,0,0.0,0.0,0.0,0,0,0.0,0,0,0,0.1,59,MID,0.0,Antony dos Santos
Mason,Mount,1,0,21,331,3,85.6,60.6,67.0,2,66,21.4,3,0,0,0.3,59,MID,3.6,Mason Mount
Carlos Henrique,Casimiro,2,2,30,456,4,55.8,142.0,62.0,2,113,26.0,2,1,3,0.4,55,MID,5.5,Carlos Henrique Casimiro
Kobbie,Mainoo,0,0,7,138,6,56.6,29.4,5.0,0,26,9.1,0,0,0,0.5,48,MID,1.5,Kobbie Mainoo
Manuel,Ugarte Ribeiro,0,0,12,281,9,26.0,49.0,2.0,0,58,7.6,0,0,0,0.1,48,MID,2.5,Manuel Ugarte Ribeiro
Toby,Collyer,0,0,0,0,0,0.0,0.0,0.0,0,0,0.0,0,0,0,0.0,45,MID,0.0,Toby Collyer
Jayce,Fitzgerald,0,0,0,0,0,0.0,0.0,0.0,0,0,0.0,0,0,0,0.0,44,MID,0.0,Jayce Fitzgerald
Jack,Fletcher,0,0,0,0,0,0.0,0.0,0.0,0,0,0.0,0,0,0,0.1,44,MID,0.0,Jack Fletcher
Sékou,Koné,0,0,0,0,0,0.0,0.0,0.0,0,0,0.0,0,0,0,0.1,44,MID,0.0,Sékou Koné
Jack,Moorhouse,0,0,0,0,0,0.0,0.0,0.0,0,0,0.0,0,0,0,0.0,45,MID,0.0,Jack Moorhouse
Rasmus,Højlund,0,0,0,0,0,0.0,0.0,0.0,0,0,0.0,0,0,0,0.3,63,FWD,0.0,Rasmus Højlund
Joshua,Zirkzee,0,0,4,82,4,17.1,13.6,60.0,0,7,8.9,0,0,0,0.4,58,FWD,0.7,Joshua Zirkzee
Chido,Obi,0,0,0,0,0,0.0,0.0,0.0,0,0,0.0,0,0,0,1.6,43,FWD,0.0,Chido Obi
Ethan,Wheatley,0,0,0,0,0,0.0,0.0,0.0,0,0,0.0,0,0,0,0.1,45,FWD,0.0,Ethan Wheatley
Benjamin,Sesko,2,1,28,494,9,92.3,122.6,205.0,5,90,41.5,1,0,1,5.4,73,FWD,3.8,Benjamin Sesko
Senne,Lammens,0,0,14,270,3,0.0,82.4,0.0,2,57,8.2,1,0,0,1.3,50,GK,2.8,Senne Lammens
Jacob,Ramsey,0,0,3,79,2,54.1,17.6,7.0,0,16,7.9,0,0,0,0.2,53,MID,0.6,Jacob Ramsey
Yoane,Wissa,0,0,0,0,0,0.0,0.0,0.0,0,0,0.0,0,0,0,0.5,74,FWD,0.0,Yoane Wissa
Nick,Pope,0,1,46,810,8,0.0,211.6,0.0,3,190,21.1,5,0,1,12.3,52,GK,8.8,Nick Pope
Mark,Gillespie,0,0,0,0,0,0.0,0.0,0.0,0,0,0.0,0,0,0,0.1,40,GK,0.0,Mark Gillespie
Odysseas,Vlachodimos,0,0,0,0,0,0.0,0.0,0.0,0,0,0.0,0,0,0,0.0,40,GK,0.0,Odysseas Vlachodimos
Lewis,Hall,0,0,9,133,1,4.0,27.4,7.0,1,31,3.9,1,0,0,0.8,52,DEF,1.7,Lewis Hall
Fabian,Schär,0,0,24,379,2,25.3,99.4,15.0,0,90,14.1,3,0,0,1.9,54,DEF,4.4,Fabian Schär
Sven,Botman,0,0,29,488,5,23.0,129.6,41.0,4,108,19.3,3,0,0,0.7,49,DEF,5.9,Sven Botman
Dan,Burn,0,1,47,810,8,44.6,155.2,41.0,4,135,24.1,5,0,3,11.0,51,DEF,9.2,Dan Burn
Tino,Livramento,0,1,37,526,3,56.3,71.4,16.0,3,137,14.3,5,0,0,3.3,49,DEF,7.6,Tino Livramento
Kieran,Trippier,0,0,30,609,7,226.5,101.8,4.0,2,123,33.1,4,0,0,2.7,50,DEF,6.0,Kieran Trippier
Emil,Krafth,0,0,0,0,0,0.0,0.0,0.0,0,0,0.0,0,0,0,0.0,44,DEF,0.0,Emil Krafth
Jamaal,Lascelles,0,0,1,19,2,0.0,10.2,7.0,0,0,1.7,0,0,0,0.1,43,DEF,0.2,Jamaal Lascelles
Alex,Murphy,0,0,0,0,0,0.0,0.0,0.0,0,0,0.0,0,0,0,0.6,39,DEF,0.0,Alex Murphy
Harrison,Ashby,0,0,0,0,0,0.0,0.0,0.0,0,0,0.0,0,0,0,0.1,39,DEF,0.0,Harrison Ashby
Miodrag,Pivaš,0,0,0,0,0,0.0,0.0,0.0,0,0,0.0,0,0,0,0.2,39,DEF,0.0,Miodrag Pivaš
Matt,Targett,0,0,0,0,0,0.0,0.0,0.0,0,0,0.0,0,0,0,0.2,40,DEF,0.0,Matt Targett
Anthony,Gordon,0,0,11,416,5,94.5,35.6,119.0,0,39,24.6,3,1,0,3.2,75,MID,1.5,Anthony Gordon
Anthony,Elanga,0,0,14,385,6,99.5,39.8,67.0,0,47,20.7,2,0,0,3.8,67,MID,2.1,Anthony Elanga
Harvey,Barnes,0,0,14,363,4,100.2,34.2,93.0,0,48,22.6,2,0,0,0.4,64,MID,2.2,Harvey Barnes
Bruno,Guimarães Rodriguez Moura,3,1,42,715,8,178.8,174.2,97.0,6,171,45.0,4,0,2,3.4,65,MID,6.5,Bruno Guimarães Rodriguez Moura
Jacob,Murphy,1,1,26,414,2,79.8,97.0,186.0,1,93,36.2,4,0,0,1.0,61,MID,4.3,Jacob Murphy
Joelinton Cássio,Apolinário de Lira,0,0,18,536,5,77.9,65.6,99.0,0,70,24.4,3,0,2,0.3,59,MID,3.1,Joelinton Cássio Apolinário de Lira
Sandro,Tonali,0,1,26,703,5,209.0,133.6,92.0,1,151,43.5,5,0,0,1.4,54,MID,4.8,Sandro Tonali
Antoñito,Cordero Campillo,0,0,0,0,0,0.0,0.0,0.0,0,0,0.0,0,0,0,0.0,49,MID,0.0,Antoñito Cordero Campillo
Joe,Willock,0,0,4,86,0,2.2,10.6,6.0,0,16,1.8,1,0,0,0.1,50,MID,0.8,Joe Willock
Isaac,Hayden,0,0,0,0,0,0.0,0.0,0.0,0,0,0.0,0,0,0,0.0,45,MID,0.0,Isaac Hayden
Garang,Kuol,0,0,0,0,0,0.0,0.0,0.0,0,0,0.0,0,0,0,0.0,44,MID,0.0,Garang Kuol
Lewis,Miley,0,1,13,272,3,52.3,45.0,10.0,0,59,10.9,1,0,0,2.1,44,MID,3.0,Lewis Miley
Joe,White,0,0,0,0,0,0.0,0.0,0.0,0,0,0.0,0,0,0,0.0,45,MID,0.0,Joe White
William,Osula,1,1,17,168,3,13.7,40.2,43.0,0,56,9.4,1,0,0,0.3,55,FWD,3.1,William Osula
Sean,Neave,0,0,0,0,0,0.0,0.0,0.0,0,0,0.0,0,0,0,0.2,44,FWD,0.0,Sean Neave
Aaron,Ramsdale,0,0,0,0,0,0.0,0.0,0.0,0,0,0.0,0,0,0,0.6,48,GK,0.0,Aaron Ramsdale
Malick,Thiaw,0,0,22,452,6,15.2,90.0,54.0,2,80,16.0,2,0,1,0.5,49,DEF,4.5,Malick Thiaw
Seung-Soo,Park,0,0,0,0,0,0.0,0.0,0.0,0,0,0.0,0,0,0,0.3,44,MID,0.0,Seung-Soo Park
Nick,Woltemade,4,0,34,478,3,50.5,143.8,156.0,6,120,35.3,4,0,0,24.3,75,FWD,4.5,Nick Woltemade
Oleksandr,Zinchenko,0,0,5,253,4,52.4,62.6,15.0,0,46,13.0,0,0,0,0.3,49,DEF,1.0,Oleksandr Zinchenko
James,McAtee,0,0,4,126,5,39.8,14.0,6.0,0,20,6.1,0,0,0,0.1,52,MID,0.8,James McAtee
Matz,Sels,0,0,19,810,17,0.0,229.6,0.0,0,80,23.0,0,0,1,8.6,48,GK,4.0,Matz Sels
Carlos Miguel,dos Santos Pereira,0,0,0,0,0,0.0,0.0,0.0,0,0,0.0,0,0,0,0.1,40,GK,0.0,Carlos Miguel dos Santos Pereira
Matt,Turner,0,0,0,0,0,0.0,0.0,0.0,0,0,0.0,0,0,0,0.1,40,GK,0.0,Matt Turner
Nikola,Milenković,0,0,14,810,17,24.5,128.0,41.0,0,57,19.5,0,0,1,4.2,52,DEF,2.7,Nikola Milenković
Murillo,Costa dos Santos,0,0,9,469,10,13.8,94.4,2.0,0,36,11.0,0,0,1,2.0,53,DEF,1.7,Murillo Costa dos Santos
Ola,Aina,0,0,6,270,5,33.3,53.8,11.0,0,20,9.8,0,0,1,2.6,47,DEF,1.3,Ola Aina
Neco,Williams,1,0,17,810,17,124.3,181.4,103.0,2,86,40.9,0,0,4,3.6,47,DEF,3.6,Neco Williams
David,Mota Veiga Teixeira do Carmo,0,0,0,0,0,0.0,0.0,0.0,0,0,0.0,0,0,0,0.0,45,DEF,0.0,David Mota Veiga Teixeira do Carmo
Jair,Paula da Cunha Filho,0,0,3,90,2,0.4,26.0,0.0,0,9,2.6,0,0,0,0.1,43,DEF,0.7,Jair Paula da Cunha Filho
Felipe,Rodrigues da Silva,0,0,7,436,9,5.5,89.4,3.0,0,33,9.8,0,0,3,0.1,44,DEF,1.6,Felipe Rodrigues da Silva
Omar,Richards,0,0,0,0,0,0.0,0.0,0.0,0,0,0.0,0,0,0,0.0,45,DEF,0.0,Omar Richards
Zach,Abbott,0,0,0,0,0,0.0,0.0,0.0,0,0,0.0,0,0,0,0.2,39,DEF,0.0,Zach Abbott
Willy,Boly,0,0,0,0,0,0.0,0.0,0.0,0,0,0.0,0,0,0,0.5,39,DEF,0.0,Willy Boly
Morgan,Gibbs-White,0,1,22,729,15,175.7,74.8,146.0,0,106,39.3,0,0,0,2.9,73,MID,3.0,Morgan Gibbs-White
Callum,Hudson-Odoi,1,0,20,477,10,170.1,92.8,89.0,3,88,35.3,0,0,0,0.8,58,MID,3.4,Callum Hudson-Odoi
Elliot,Anderson,0,1,28,810,17,234.0,171.6,67.0,1,162,47.4,0,0,2,3.1,53,MID,5.3,Elliot Anderson
João Pedro,Ferreira da Silva,0,0,1,11,0,0.5,5.0,4.0,0,6,1.0,0,0,0,0.0,54,MID,0.2,João Pedro Ferreira da Silva
Nicolás,Domínguez,0,0,1,52,1,14.4,7.0,0.0,0,9,2.2,0,0,1,0.0,50,MID,0.2,Nicolás Domínguez
Lewis,O'Brien,0,0,0,0,0,0.0,0.0,0.0,0,0,0.0,0,0,0,0.0,50,MID,0.0,Lewis O'Brien
Ibrahim,Sangaré,0,0,12,441,9,35.0,59.6,36.0,0,66,13.1,0,0,1,0.1,49,MID,2.4,Ibrahim Sangaré
Ryan,Yates,0,0,5,133,2,8.0,22.8,19.0,0,19,4.9,0,0,1,0.1,48,MID,1.0,Ryan Yates
Eric,da Silva Moreira,0,0,0,0,0,0.0,0.0,0.0,0,0,0.0,0,0,0,0.1,45,MID,0.0,Eric da Silva Moreira
Marko,Stamenić,0,0,0,0,0,0.0,0.0,0.0,0,0,0.0,0,0,0,0.0,45,MID,0.0,Marko Stamenić
Chris,Wood,2,0,25,538,8,49.6,77.6,179.0,3,85,29.8,1,0,0,7.1,72,FWD,3.5,Chris Wood
Igor Jesus,Maciel da Cruz,0,0,8,191,9,29.7,23.8,64.0,0,29,11.4,0,0,0,0.6,58,FWD,1.4,Igor Jesus Maciel da Cruz
Taiwo,Awoniyi,0,0,2,90,0,13.9,6.6,37.0,0,13,5.7,0,0,0,0.4,52,FWD,0.4,Taiwo Awoniyi
Dan,Ndoye,1,1,26,575,10,105.6,95.8,73.0,4,100,27.5,0,0,0,1.3,58,MID,4.5,Dan Ndoye
Angus,Gunn,0,0,0,0,0,0.0,0.0,0.0,0,0,0.0,0,0,0,1.5,40,GK,0.0,Angus Gunn
Omari,Hutchinson,0,0,5,97,2,73.9,25.0,42.0,0,21,13.8,0,0,0,0.0,54,MID,0.9,Omari Hutchinson
Arnaud,Kalimuendo,0,0,6,66,2,16.4,2.8,22.0,0,14,4.1,0,0,0,0.1,60,FWD,1.0,Arnaud Kalimuendo
Douglas Luiz,Soares de Paulo,0,1,6,172,5,32.4,19.6,10.0,0,36,6.2,0,0,1,0.1,50,MID,1.2,Douglas Luiz Soares de Paulo
John Victor,Maciel Furtado,0,0,0,0,0,0.0,0.0,0.0,0,0,0.0,0,0,0,0.3,40,GK,0.0,John Victor Maciel Furtado
Nicolò,Savona,0,0,3,249,7,16.1,38.8,4.0,0,10,5.9,0,0,0,0.0,45,DEF,0.7,Nicolò Savona
Luis Eduardo,Soares da Silva,0,0,0,0,0,0.0,0.0,0.0,0,0,0.0,0,0,0,0.0,45,DEF,0.0,Luis Eduardo Soares da Silva
Dilane,Bakwa,0,0,5,172,4,73.7,30.2,49.0,0,27,15.3,0,0,0,0.0,60,MID,0.8,Dilane Bakwa
Anthony,Patterson,0,0,0,0,0,0.0,0.0,0.0,0,0,0.0,0,0,0,0.2,43,GK,0.0,Anthony Patterson
Simon,Moore,0,0,0,0,0,0.0,0.0,0.0,0,0,0.0,0,0,0,0.4,40,GK,0.0,Simon Moore
Blondy,Nna Noukeu,0,0,0,0,0,0.0,0.0,0.0,0,0,0.0,0,0,0,0.1,40,GK,0.0,Blondy Nna Noukeu
Daniel,Ballard,1,0,35,399,2,43.3,177.8,131.0,5,112,35.3,2,0,0,2.4,46,DEF,7.6,Daniel Ballard
Trai,Hume,0,1,39,798,7,96.8,137.8,27.0,2,149,26.3,4,0,0,0.4,45,DEF,8.7,Trai Hume
Aji,Alese,0,0,0,0,0,0.0,0.0,0.0,0,0,0.0,0,0,0,0.0,40,DEF,0.0,Aji Alese
Joe,Anderson,0,0,0,0,0,0.0,0.0,0.0,0,0,0.0,0,0,0,0.4,39,DEF,0.0,Joe Anderson
Dennis,Cirkin,0,0,0,0,0,0.0,0.0,0.0,0,0,0.0,0,0,0,0.0,40,DEF,0.0,Dennis Cirkin
Leo Fuhr,Hjelde,0,0,0,0,0,0.0,0.0,0.0,0,0,0.0,0,0,0,0.0,40,DEF,0.0,Leo Fuhr Hjelde
Niall,Huggins,0,0,0,0,0,0.0,0.0,0.0,0,0,0.0,0,0,0,0.1,40,DEF,0.0,Niall Huggins
Zak,Johnson,0,0,0,0,0,0.0,0.0,0.0,0,0,0.0,0,0,0,0.3,39,DEF,0.0,Zak Johnson
Luke,O'Nien,0,0,0,0,0,0.0,0.0,0.0,0,0,0.0,0,0,0,0.0,40,DEF,0.0,Luke O'Nien
Timothée,Pembélé,0,0,0,0,0,0.0,0.0,0.0,0,0,0.0,0,0,0,0.4,39,DEF,0.0,Timothée Pembélé
Reinildo,Mandava,0,0,16,482,5,18.9,85.2,6.0,0,73,11.1,2,1,1,4.5,40,DEF,4.0,Reinildo Mandava
Jenson,Seelt,0,0,2,133,2,2.4,33.6,0.0,0,11,3.6,0,0,0,0.1,40,DEF,0.5,Jenson Seelt
Simon,Adingra,0,1,13,271,4,77.8,28.4,8.0,0,36,11.4,2,0,1,0.6,51,MID,2.5,Simon Adingra
Habib,Diarra,0,1,12,345,2,31.0,10.6,45.0,0,23,8.0,2,0,1,0.0,53,MID,2.3,Habib Diarra
Patrick,Roberts,0,0,1,27,1,7.3,1.8,5.0,0,4,1.4,0,0,0,0.0,54,MID,0.2,Patrick Roberts
Milan,Aleksić,0,0,0,0,0,0.0,0.0,0.0,0,0,0.0,0,0,0,0.0,49,MID,0.0,Milan Aleksić
Enzo,Le Fée,1,0,26,539,6,99.4,125.6,32.0,2,90,25.6,2,0,1,0.4,49,MID,5.3,Enzo Le Fée
Romaine,Mundle,0,0,0,0,0,0.0,0.0,0.0,0,0,0.0,0,0,0,0.0,49,MID,0.0,Romaine Mundle
Dan,Neil,0,0,2,2,0,0.0,2.0,0.0,0,7,0.2,0,0,0,0.0,48,MID,0.4,Dan Neil
Ian,Poveda-Ocampo,0,0,0,0,0,0.0,0.0,0.0,0,0,0.0,0,0,0,0.0,48,MID,0.0,Ian Poveda-Ocampo
Chris,Rigg,0,0,8,186,0,25.6,9.0,7.0,0,23,4.3,1,0,0,0.0,48,MID,1.7,Chris Rigg
Noah,Sadiki,0,0,19,803,7,85.9,82.2,17.0,0,107,18.6,4,0,3,0.1,50,MID,3.8,Noah Sadiki
Chemsdine,Talbi,1,2,32,553,2,89.3,82.2,78.0,2,93,24.9,4,0,0,0.3,50,MID,6.4,Chemsdine Talbi
Abdoullah,Ba,0,0,0,0,0,0.0,0.0,0.0,0,0,0.0,0,0,0,0.3,43,MID,0.0,Abdoullah Ba
Alan,Browne,0,0,0,0,0,0.0,0.0,0.0,0,0,0.0,0,0,0,0.0,45,MID,0.0,Alan Browne
Pierre,Ekwah Elimby,0,0,0,0,0,0.0,0.0,0.0,0,0,0.0,0,0,0,0.0,45,MID,0.0,Pierre Ekwah Elimby
Harrison,Jones,0,0,0,0,0,0.0,0.0,0.0,0,0,0.0,0,0,0,0.1,44,MID,0.0,Harrison Jones
Jay,Matete,0,0,0,0,0,0.0,0.0,0.0,0,0,0.0,0,0,0,0.2,44,MID,0.0,Jay Matete
Nectarios,Triantis,0,0,0,0,0,0.0,0.0,0.0,0,0,0.0,0,0,0,0.0,44,MID,0.0,Nectarios Triantis
Wilson,Isidor,4,0,37,526,6,8.2,136.6,189.0,7,132,33.3,3,0,0,3.6,56,FWD,6.6,Wilson Isidor
Eliezer,Mayenda Dossou,1,0,15,257,1,24.6,48.2,52.0,2,53,12.3,2,0,0,0.7,54,FWD,2.8,Eliezer Mayenda Dossou
Ahmed,Abdullahi,0,0,0,0,0,0.0,0.0,0.0,0,0,0.0,0,0,0,0.4,43,FWD,0.0,Ahmed Abdullahi
Luís Hemir,Silva Semedo,0,0,0,0,0,0.0,0.0,0.0,0,0,0.0,0,0,0,0.1,44,FWD,0.0,Luís Hemir Silva Semedo
Nazarii,Rusyn,0,0,0,0,0,0.0,0.0,0.0,0,0,0.0,0,0,0,0.1,44,FWD,0.0,Nazarii Rusyn
Granit,Xhaka,0,3,39,810,7,176.8,220.4,30.0,1,171,42.6,4,0,3,5.1,51,MID,7.6,Granit Xhaka
Robin,Roefs,0,0,52,810,7,20.0,275.2,0.0,6,197,29.4,4,0,1,6.7,47,GK,11.1,Robin Roefs
Arthur,Masuaku,0,0,1,125,2,20.1,21.8,7.0,0,4,4.9,0,0,1,0.8,39,DEF,0.3,Arthur Masuaku
Omar,Alderete,1,1,45,667,6,38.6,228.4,77.0,4,143,34.4,3,0,1,5.8,41,DEF,11.0,Omar Alderete
Nordi,Mukiele,1,0,46,630,5,47.8,198.2,44.0,5,159,29.0,3,0,0,5.3,41,DEF,11.2,Nordi Mukiele
Lutsharel,Geertruida,0,0,7,161,1,4.7,34.0,21.0,0,32,6.0,0,0,0,0.0,45,DEF,1.6,Lutsharel Geertruida
Brian,Brobbey,0,1,7,72,0,10.6,26.6,6.0,0,22,4.4,0,0,0,0.1,55,FWD,1.3,Brian Brobbey
Bertrand,Traoré,0,1,9,214,3,43.9,30.2,56.0,0,45,13.1,1,0,1,0.0,55,MID,1.6,Bertrand Traoré
Guglielmo,Vicario,0,0,42,810,7,0.1,216.8,0.0,5,190,21.7,4,0,0,10.3,51,GK,8.2,Guglielmo Vicario
Brandon,Austin,0,0,0,0,0,0.0,0.0,0.0,0,0,0.0,0,0,0,0.3,39,GK,0.0,Brandon Austin
Antonín,Kinský,0,0,0,0,0,0.0,0.0,0.0,0,0,0.0,0,0,0,2.0,39,GK,0.0,Antonín Kinský
Pedro,Porro Sauceda,0,2,42,725,6,198.8,168.8,25.0,2,172,39.5,4,0,1,19.0,55,DEF,7.6,Pedro Porro Sauceda
Cristian,Romero,0,1,32,630,5,29.2,150.8,50.0,3,132,22.9,3,0,3,4.4,50,DEF,6.4,Cristian Romero
Kevin,Danso,0,0,12,196,2,3.0,57.8,0.0,1,53,6.1,1,0,1,0.2,43,DEF,2.8,Kevin Danso
Ben,Davies,0,0,0,0,0,0.0,0.0,0.0,0,0,0.0,0,0,0,0.1,43,DEF,0.0,Ben Davies
Radu,Drăgușin,0,0,0,0,0,0.0,0.0,0.0,0,0,0.0,0,0,0,0.0,45,DEF,0.0,Radu Drăgușin
Djed,Spence,0,0,28,578,4,52.3,68.6,28.0,0,91,14.8,4,0,2,1.7,45,DEF,6.2,Djed Spence
Destiny,Udogie,0,0,7,301,4,46.5,50.0,40.0,0,37,13.7,0,0,0,0.4,44,DEF,1.6,Destiny Udogie
Micky,van de Ven,3,0,55,799,7,32.5,231.2,120.0,5,198,38.4,4,0,2,32.2,47,DEF,11.7,Micky van de Ven
Ashley,Phillips,0,0,0,0,0,0.0,0.0,0.0,0,0,0.0,0,0,0,0.0,40,DEF,0.0,Ashley Phillips
Takai,Kōta,0,0,0,0,0,0.0,0.0,0.0,0,0,0.0,0,0,0,0.1,40,DEF,0.0,Takai Kōta
Luka,Vušković,0,0,0,0,0,0.0,0.0,0.0,0,0,0.0,0,0,0,0.4,39,DEF,0.0,Luka Vušković
Son,Heung-min,0,0,0,0,0,0.0,0.0,0.0,0,0,0.0,0,0,0,0.1,85,MID,0.0,Son Heung-min
Brennan,Johnson,2,0,26,360,1,51.9,103.4,62.0,2,88,21.8,3,0,1,3.3,67,MID,3.9,Brennan Johnson
James,Maddison,0,0,0,0,0,0.0,0.0,0.0,0,0,0.0,0,0,0,0.1,69,MID,0.0,James Maddison
Mohammed,Kudus,1,5,44,785,7,260.8,200.0,163.0,4,132,62.3,4,0,2,32.0,68,MID,6.5,Mohammed Kudus
Dejan,Kulusevski,0,0,0,0,0,0.0,0.0,0.0,0,0,0.0,0,0,0,0.0,64,MID,0.0,Dejan Kulusevski
Mathys,Tel,1,0,17,235,2,9.8,43.8,38.0,2,44,9.2,1,0,0,0.1,63,MID,2.7,Mathys Tel
Rodrigo,Bentancur,1,1,34,585,7,74.2,135.2,55.0,3,138,26.5,2,0,0,0.4,53,MID,6.4,Rodrigo Bentancur
Lucas,Bergvall,1,1,23,403,3,41.6,92.2,93.0,0,79,22.8,2,0,1,0.4,54,MID,4.3,Lucas Bergvall
Yves,Bissouma,0,0,0,0,0,0.0,0.0,0.0,0,0,0.0,0,0,0,0.0,52,MID,0.0,Yves Bissouma
Wilson,Odobert,0,0,11,314,5,57.3,29.6,86.0,0,36,17.3,0,0,0,0.0,53,MID,2.1,Wilson Odobert
Manor,Solomon,0,0,0,0,0,0.0,0.0,0.0,0,0,0.0,0,0,0,0.0,54,MID,0.0,Manor Solomon
Bryan,Gil Salvatierra,0,0,0,0,0,0.0,0.0,0.0,0,0,0.0,0,0,0,0.0,49,MID,0.0,Bryan Gil Salvatierra
Archie,Gray,0,0,4,71,0,13.2,6.0,2.0,0,17,2.2,1,0,0,0.1,48,MID,0.8,Archie Gray
Mikey,Moore,0,0,0,0,0,0.0,0.0,0.0,0,0,0.0,0,0,0,0.0,50,MID,0.0,Mikey Moore
Pape Matar,Sarr,2,2,31,390,1,38.4,105.2,70.0,0,115,21.4,3,0,0,1.7,49,MID,6.3,Pape Matar Sarr
Yang,Min-hyeok,0,0,0,0,0,0.0,0.0,0.0,0,0,0.0,0,0,0,0.0,45,MID,0.0,Yang Min-hyeok
Callum,Olusesi,0,0,0,0,0,0.0,0.0,0.0,0,0,0.0,0,0,0,0.2,44,MID,0.0,Callum Olusesi
Dominic,Solanke-Mitchell,0,0,2,31,0,0.3,6.0,25.0,0,10,3.1,0,0,0,1.0,72,FWD,0.3,Dominic Solanke-Mitchell
Richarlison,de Andrade,3,2,37,511,5,60.1,155.4,222.0,6,151,43.8,2,0,1,9.4,65,FWD,5.7,Richarlison de Andrade
Will,Lankshear,0,0,0,0,0,0.0,0.0,0.0,0,0,0.0,0,0,0,0.0,45,FWD,0.0,Will Lankshear
Dane,Scarlett,0,0,0,0,0,0.0,0.0,0.0,0,0,0.0,0,0,0,0.6,43,FWD,0.0,Dane Scarlett
João Maria,Lobo Alves Palhares Costa Palhinha Gonçalves,2,1,44,693,7,43.0,210.8,70.0,8,171,32.5,3,0,2,1.6,55,MID,8.0,João Maria Lobo Alves Palhares Costa Palhinha Gonçalves
Xavi,Simons,0,1,15,387,4,99.7,55.4,33.0,0,59,18.8,2,0,1,1.7,68,MID,2.2,Xavi Simons
Randal,Kolo Muani,0,0,3,72,0,10.8,2.6,6.0,0,7,1.6,1,0,0,0.2,69,FWD,0.4,Randal Kolo Muani
Jun'ai,Byfield,0,0,0,0,0,0.0,0.0,0.0,0,0,0.0,0,0,0,0.0,40,DEF,0.0,Jun'ai Byfield
Igor Julio,dos Santos de Paulo,0,0,1,1,0,0.0,0.0,0.0,0,3,0.0,0,0,0,0.1,45,DEF,0.2,Igor Julio dos Santos de Paulo
Alphonse,Areola,0,0,10,450,9,0.0,135.6,0.0,0,55,13.6,0,0,0,2.1,43,GK,2.3,Alphonse Areola
Wes,Foderingham,0,0,0,0,0,0.0,0.0,0.0,0,0,0.0,0,0,0,0.3,40,GK,0.0,Wes Foderingham
Krisztián,Hegyi,0,0,0,0,0,0.0,0.0,0.0,0,0,0.0,0,0,0,0.2,40,GK,0.0,Krisztián Hegyi
El Hadji Malick,Diouf,0,4,28,765,19,125.3,169.2,43.0,1,64,33.8,1,0,1,3.3,44,DEF,6.4,El Hadji Malick Diouf
Emerson,Palmieri dos Santos,0,0,0,0,0,0.0,0.0,0.0,0,0,0.0,0,0,0,0.1,44,DEF,0.0,Emerson Palmieri dos Santos
Maximilian,Kilman,0,0,17,810,20,31.2,199.6,16.0,0,43,24.7,1,0,3,0.2,43,DEF,4.0,Maximilian Kilman
Konstantinos,Mavropanos,0,0,17,495,9,2.7,128.8,55.0,0,54,18.6,1,0,1,0.1,44,DEF,3.9,Konstantinos Mavropanos
Nayef,Aguerd,0,0,3,180,8,3.9,39.0,8.0,0,-1,5.1,0,0,0,0.0,44,DEF,0.7,Nayef Aguerd
Ollie,Scarles,0,0,1,69,3,1.2,8.0,0.0,0,-2,0.9,0,0,0,0.0,44,DEF,0.2,Ollie Scarles
Jean-Clair,Todibo,0,0,2,306,9,5.4,60.0,2.0,0,19,6.8,0,0,1,0.1,43,DEF,0.5,Jean-Clair Todibo
Aaron,Wan-Bissaka,0,0,4,381,13,69.2,62.0,12.0,0,5,14.4,0,0,0,5.9,43,DEF,0.9,Aaron Wan-Bissaka
Kaelan,Casey,0,0,0,0,0,0.0,0.0,0.0,0,0,0.0,0,0,0,0.1,40,DEF,0.0,Kaelan Casey
Lucas,Tolentino Coelho de Lima,2,0,32,787,20,221.7,190.2,96.0,2,134,50.9,1,0,3,2.5,59,MID,5.4,Lucas Tolentino Coelho de Lima
Tomáš,Souček,0,0,8,365,13,18.5,58.4,70.0,0,45,14.8,1,1,0,0.2,57,MID,1.4,Tomáš Souček
James,Ward-Prowse,0,0,11,414,11,176.3,56.6,6.0,0,82,23.9,1,0,0,0.2,57,MID,1.9,James Ward-Prowse
Crysencio,Summerville,0,2,16,479,11,67.1,64.8,60.0,0,65,19.2,0,0,3,0.1,55,MID,2.9,Crysencio Summerville
Edson,Álvarez Velázquez,0,0,0,0,0,0.0,0.0,0.0,0,0,0.0,0,0,0,0.1,49,MID,0.0,Edson Álvarez Velázquez
Maxwel,Cornet,0,0,0,0,0,0.0,0.0,0.0,0,0,0.0,0,0,0,0.0,49,MID,0.0,Maxwel Cornet
Guido,Rodríguez,0,0,3,89,2,2.5,3.4,2.0,0,14,0.8,0,0,0,0.0,48,MID,0.6,Guido Rodríguez
Luis Guilherme,Lira dos Santos,0,0,3,54,1,0.6,1.6,4.0,0,5,0.4,0,0,0,0.0,49,MID,0.6,Luis Guilherme Lira dos Santos
George,Earthy,0,0,0,0,0,0.0,0.0,0.0,0,0,0.0,0,0,0,0.0,45,MID,0.0,George Earthy
Andy,Irving,0,0,8,149,4,38.3,29.6,2.0,0,45,7.0,0,0,0,0.3,44,MID,1.8,Andy Irving
Lewis,Orford,0,0,0,0,0,0.0,0.0,0.0,0,0,0.0,0,0,0,0.1,44,MID,0.0,Lewis Orford
Freddie,Potts,0,0,4,131,3,6.6,18.6,2.0,0,22,2.7,0,0,0,0.6,44,MID,0.9,Freddie Potts
Jarrod,Bowen,3,1,42,810,20,161.6,205.6,215.0,9,191,58.3,1,0,0,8.0,78,FWD,5.4,Jarrod Bowen
Niclas,Füllkrug,0,0,10,379,9,72.3,24.8,125.0,0,23,21.9,1,0,0,0.7,56,FWD,1.8,Niclas Füllkrug
Callum,Marshall,0,0,2,58,2,0.1,1.2,7.0,0,0,0.8,0,0,0,0.7,44,FWD,0.5,Callum Marshall
Kyle,Walker-Peters,0,0,13,447,7,48.8,69.8,32.0,0,59,15.1,1,0,1,0.3,44,DEF,3.0,Kyle Walker-Peters
Callum,Wilson,1,0,13,235,5,15.5,53.8,101.0,2,51,16.7,1,0,0,0.4,59,FWD,2.2,Callum Wilson
Mads,Hermansen,0,0,9,360,11,0.0,84.8,0.0,0,27,8.5,1,0,0,0.2,44,GK,2.0,Mads Hermansen
Mateus Gonçalo,Espanha Fernandes,1,0,20,468,8,85.1,94.2,32.0,0,85,21.1,1,0,0,0.0,55,MID,3.6,Mateus Gonçalo Espanha Fernandes
Soungoutou,Magassa,0,0,5,170,3,7.2,35.8,0.0,0,24,4.3,0,0,1,0.0,50,MID,1.0,Soungoutou Magassa
Lukasz,Fabianski,0,0,0,0,0,0.0,0.0,0.0,0,0,0.0,0,0,0,0.0,45,GK,0.0,Lukasz Fabianski
Sam,Johnstone,0,0,11,450,8,0.1,130.0,0.0,0,62,13.0,0,0,0,0.2,45,GK,2.4,Sam Johnstone
José,Malheiro de Sá,0,0,5,360,11,10.0,44.0,0.0,0,7,5.5,0,0,0,1.2,44,GK,1.1,José Malheiro de Sá
Daniel,Bentley,0,0,0,0,0,0.0,0.0,0.0,0,0,0.0,0,0,0,0.6,40,GK,0.0,Daniel Bentley
Emmanuel,Agbadou,0,0,14,525,14,39.7,161.6,39.0,0,44,24.1,0,0,0,0.2,44,DEF,3.2,Emmanuel Agbadou
Matt,Doherty,0,0,2,291,6,21.8,49.4,4.0,0,15,7.6,0,0,3,0.1,44,DEF,0.5,Matt Doherty
Hugo,Bueno López,0,0,19,612,10,238.0,164.6,59.0,2,90,46.3,1,0,1,0.1,44,DEF,4.3,Hugo Bueno López
Yerson,Mosquera Valdelamar,0,0,4,137,4,0.5,20.2,21.0,0,13,4.2,0,0,0,0.1,44,DEF,0.9,Yerson Mosquera Valdelamar
Rodrigo,Martins Gomes,1,0,13,331,9,40.4,60.2,103.0,0,20,20.5,0,0,0,0.1,45,DEF,2.9,Rodrigo Martins Gomes
Santiago,Ignacio Bueno,1,1,22,484,10,47.2,155.4,66.0,2,70,26.9,0,0,1,0.1,44,DEF,5.0,Santiago Ignacio Bueno
Toti,Gomes,0,0,5,390,13,26.5,74.6,27.0,0,15,12.8,0,1,0,0.1,43,DEF,1.2,Toti Gomes
Ki-Jana,Hoever,0,0,4,204,7,41.1,42.0,11.0,0,6,9.5,0,0,0,1.0,39,DEF,1.0,Ki-Jana Hoever
Bastien,Meupiyou Menadjou,0,0,0,0,0,0.0,0.0,0.0,0,0,0.0,0,0,0,0.0,40,DEF,0.0,Bastien Meupiyou Menadjou
Pedro,Cardoso de Lima,0,0,0,0,0,0.0,0.0,0.0,0,0,0.0,0,0,0,0.5,40,DEF,0.0,Pedro Cardoso de Lima
Alfie,Pond,0,0,0,0,0,0.0,0.0,0.0,0,0,0.0,0,0,0,1.4,39,DEF,0.0,Alfie Pond
Hwang,Hee-chan,1,0,14,297,5,29.6,51.6,49.0,0,49,13.0,0,0,0,0.1,58,MID,2.4,Hwang Hee-chan
André,Trindade da Costa Neto,0,0,23,599,13,39.7,82.8,5.0,1,105,12.7,0,0,2,0.1,54,MID,4.3,André Trindade da Costa Neto
Jean-Ricner,Bellegarde,0,0,9,342,12,70.3,37.8,41.0,0,45,14.8,0,0,1,0.0,52,MID,1.7,Jean-Ricner Bellegarde
Fer,López González,0,1,7,116,5,52.0,27.0,32.0,0,24,11.0,0,0,1,0.0,53,MID,1.3,Fer López González
João Victor,Gomes da Silva,0,0,21,700,15,103.6,105.2,35.0,0,117,24.5,1,0,3,0.1,54,MID,3.9,João Victor Gomes da Silva
Gonçalo Manuel,Ganchinho Guedes,0,0,0,0,0,0.0,0.0,0.0,0,0,0.0,0,0,0,0.0,55,MID,0.0,Gonçalo Manuel Ganchinho Guedes
Marshall,Munetsi,1,2,31,692,14,56.9,139.8,158.0,1,108,35.4,0,0,1,0.1,54,MID,5.7,Marshall Munetsi
Boubacar,Traoré,0,0,0,0,0,0.0,0.0,0.0,0,0,0.0,0,0,0,0.0,50,MID,0.0,Boubacar Traoré
Tawanda,Chirewa,0,0,0,0,0,0.0,0.0,0.0,0,0,0.0,0,0,0,0.3,44,MID,0.0,Tawanda Chirewa
Tom,Edozie,0,0,0,0,0,0.0,0.0,0.0,0,0,0.0,0,0,0,0.4,44,MID,0.0,Tom Edozie
Enso,González Medina,0,0,0,0,0,0.0,0.0,0.0,0,0,0.0,0,0,0,1.5,44,MID,0.0,Enso González Medina
Joe,Hodge,0,0,0,0,0,0.0,0.0,0.0,0,0,0.0,0,0,0,0.0,45,MID,0.0,Joe Hodge
Jørgen,Strand Larsen,1,0,17,542,10,47.4,59.2,147.0,0,51,25.1,2,0,0,1.3,64,FWD,2.7,Jørgen Strand Larsen
Fábio,Soares Silva,0,0,0,0,0,0.0,0.0,0.0,0,0,0.0,0,0,0,0.2,49,FWD,0.0,Fábio Soares Silva
Saša,Kalajdžić,0,0,1,14,0,4.3,1.0,2.0,0,1,0.7,0,0,0,0.1,49,FWD,0.2,Saša Kalajdžić
Leon,Chiwome,0,0,0,0,0,0.0,0.0,0.0,0,0,0.0,0,0,0,0.0,44,FWD,0.0,Leon Chiwome
Nathan,Fraser,0,0,0,0,0,0.0,0.0,0.0,0,0,0.0,0,0,0,1.9,44,FWD,0.0,Nathan Fraser
Jhon,Arias,0,0,18,500,9,151.8,79.8,80.0,1,84,31.1,1,0,0,0.2,52,MID,3.5,Jhon Arias
David,Møller Wolfe,0,1,8,149,6,20.9,37.0,4.0,0,15,6.3,0,0,0,0.1,44,DEF,1.8,David Møller Wolfe
Jackson,Tchatchoua,0,0,11,382,10,92.5,79.6,18.0,0,23,19.0,0,0,0,0.0,45,DEF,2.4,Jackson Tchatchoua
Ladislav,Krejcí,1,1,15,540,11,73.5,165.4,91.0,0,63,33.0,0,0,1,0.1,45,DEF,3.3,Ladislav Krejcí
Tolu,Arokodare,0,0,8,182,7,16.1,12.4,67.0,0,21,9.3,0,0,0,0.1,55,FWD,1.5,Tolu Arokodare
